"Instruction","","Lat","TP","Uops","Ports","Lat","TP","Uops","Ports"
"ADDPS (XMM, M128)","SSE","[2;≤10]","0.50 / 0.50","1 / 2","1*p15+1*p23A","[3;≤11]","0.50 / 0.50","1","1*FP23"
"ADDPS (XMM, XMM)","SSE","[2;3]","0.50 / 0.50","1 / 1","1*p15","3","0.50 / 0.50","1","1*FP23"
"ADDSS (XMM, M32)","SSE","[2;≤10]","0.50 / 0.50","1 / 2","1*p15+1*p23A","[3;≤11]","0.50 / 0.50","1","1*FP23"
"ADDSS (XMM, XMM)","SSE","[2;3]","0.50 / 0.50","1 / 1","1*p15","3","0.50 / 0.50","1","1*FP23"
"ANDNPS (XMM, M128)","SSE","[1;≤8]","0.33 / 0.33","1 / 2","1*p015+1*p23A","[1;≤9]","0.25 / 0.50","1","1*FP0123"
"ANDNPS (XMM, XMM)","SSE","1","0.33 / 0.33","1 / 1","1*p015","[0;1]","0.25 / 0.25","1","1*FP0123"
"ANDPS (XMM, M128)","SSE","[1;≤8]","0.33 / 0.33","1 / 2","1*p015+1*p23A","[1;≤9]","0.25 / 0.50","1","1*FP0123"
"ANDPS (XMM, XMM)","SSE","1","0.33 / 0.33","1 / 1","1*p015","1","0.25 / 0.25","1","1*FP0123"
"CMPPS (XMM, M128, I8)","SSE","[4;≤11]","0.50 / 0.50","2 / 2","1*p01+1*p23A","[2;≤10]","0.50 / 0.50","1","1*FP23"
"CMPPS (XMM, XMM, I8)","SSE","4","0.50 / 0.50","1 / 1","1*p01","2","0.50 / 0.50","1","1*FP23"
"CMPSS (XMM, M32, I8)","SSE","[4;≤11]","0.50 / 0.50","2 / 2","1*p01+1*p23A","[2;≤10]","0.50 / 0.50","1","1*FP23"
"CMPSS (XMM, XMM, I8)","SSE","4","0.50 / 0.50","1 / 1","1*p01","2","0.50 / 0.50","1","1*FP23"
"COMISS (XMM, M32)","SSE","[≤3;8]","1.00 / 1.00","2 / 2","1*p0+1*p23A","[≤7;≤12]","0.50 / 1.00","2","1*FP23+1*FP45"
"COMISS (XMM, XMM)","SSE","≤3","1.00 / 1.00","1 / 1","1*p0","≤7","0.50 / 1.00","2","1*FP23+1*FP45"
"CVTPI2PS (XMM, M64)","SSE","[4;≤11]","0.50 / 0.50","1 / 2","1*p01+1*p23A","[3;≤11]","0.50 / 0.50","1","1*FP23"
"CVTPI2PS (XMM, MM)","SSE","[5;≤7]","1.00 / 1.04","2 / 2","1*p0+1*p01","[3;≤4]","0.50 / 0.50","2","1*FP0123+1*FP23"
"CVTPS2PI (MM, M64)","SSE","[≤10;≤13]","1.00 / 1.00","2 / 2","1*p0+1*p23A","≤11","0.50 / 0.50","1","1*FP23"
"CVTPS2PI (MM, XMM)","SSE","≤9","1.00 / 1.00","2 / 2","1*p0+1*p015","≤4","0.50 / 0.50","1","1*FP23"
"CVTSI2SS (XMM, M32)","SSE","[4;≤11]","0.50 / 0.50","1 / 2","1*p01+1*p23A","[3;≤11]","0.50 / 0.50","1","1*FP23"
"CVTSI2SS (XMM, M64)","SSE","[1;≤12]","1.00 / 1.00","2 / 3","1*p01+1*p23A+1*p5","[3;≤11]","0.50 / 0.50","1","1*FP23"
"CVTSI2SS (XMM, R32)","SSE","[4;≤7]","1.00 / 1.00","2 / 2","1*p01+1*p5","[3;≤8]","0.50 / 1.42","2","1*FP23"
"CVTSI2SS (XMM, R64)","SSE","[1;≤8]","2.00 / 2.00","3 / 3","1*p01+2*p5","[3;≤8]","0.50 / 1.42","2","1*FP23"
"CVTSS2SI (R32, M32)","SSE","≤12","1.00 / 1.00","3 / 3","1*p0+1*p01+1*p23A","[12;≤14]","0.50 / 1.00","2","1*FP23+1*FP45"
"CVTSS2SI (R32, XMM)","SSE","≤7","1.00 / 1.00","2 / 2","1*p0+1*p01","≤9","0.50 / 1.00","2","1*FP23+1*FP45"
"CVTSS2SI (R64, M32)","SSE","≤12","1.00 / 1.00","3 / 3","1*p0+1*p01+1*p23A","[12;≤14]","0.50 / 1.00","2","1*FP23+1*FP45"
"CVTSS2SI (R64, XMM)","SSE","≤8","1.00 / 1.00","3 / 3","1*p0+1*p01+1*p5","≤9","0.50 / 1.00","2","1*FP23+1*FP45"
"CVTTPS2PI (MM, M64)","SSE","[≤10;≤13]","1.00 / 1.00","2 / 2","1*p0+1*p23A","≤11","0.50 / 0.50","1","1*FP23"
"CVTTPS2PI (MM, XMM)","SSE","≤9","1.00 / 1.00","2 / 2","1*p0+1*p015","≤4","0.50 / 0.50","1","1*FP23"
"CVTTSS2SI (R32, M32)","SSE","≤12","1.00 / 1.00","3 / 3","1*p0+1*p01+1*p23A","[12;≤14]","0.50 / 1.00","2","1*FP23+1*FP45"
"CVTTSS2SI (R32, XMM)","SSE","≤7","1.00 / 1.00","2 / 2","1*p0+1*p01","≤9","0.50 / 1.00","2","1*FP23+1*FP45"
"CVTTSS2SI (R64, M32)","SSE","≤12","1.00 / 1.00","3 / 3","1*p0+1*p01+1*p23A","[12;≤14]","0.50 / 1.00","2","1*FP23+1*FP45"
"CVTTSS2SI (R64, XMM)","SSE","≤8","1.00 / 1.00","3 / 3","1*p0+1*p01+1*p5","≤9","0.50 / 1.00","2","1*FP23+1*FP45"
"DIVPS (XMM, M128)","SSE","[≤11.0;≤18]","1.00 / 3.00","1 / 2","1*p0+1*p23A","[≤11;≤18]","0.50 / 3.00","1","1*FP01"
"DIVPS (XMM, XMM)","SSE","[≤11.0;≤12]","1.00 / 3.00","1 / 1","1*p0","≤11","1.00 / 3.00","1","2*FP01"
"DIVSS (XMM, M32)","SSE","[≤11.0;≤18]","1.00 / 3.00","1 / 2","1*p0+1*p23A","[≤11;≤18]","0.50 / 3.00","1","1*FP01"
"DIVSS (XMM, XMM)","SSE","[≤11.0;≤12]","1.00 / 3.00","1 / 1","1*p0","≤11","1.00 / 3.00","1","2*FP01"
"FXRSTOR (M4096)","SSE","","","","","","","",""
"FXRSTOR64 (M4096)","SSE","","","","","","","",""
"FXSAVE (M4096)","SSE","","19.00 / 72.50","90 / 110","2*p0+5*p0156B+10*p06+10*p1+2*p23A+38*p49+5*p5+38*p78","","18.50 / 84.00","118","14*FP01+6*FP12+37*FP45"
"FXSAVE64 (M4096)","SSE","","19.00 / 72.50","90 / 110","2*p0+5*p0156B+10*p06+10*p1+2*p23A+38*p49+5*p5+38*p78","","18.50 / 84.00","118","8*FP01+1*FP0123+6*FP1+37*FP45"
"LDMXCSR (M32)","SSE","","1.00 / 4.13","4 / 4","1*p0+1*p015+1*p06+1*p23A","","0.50 / 2.00","1","1*FP01"
"MAXPS (XMM, M128)","SSE","[4;≤11]","0.50 / 0.50","1 / 2","1*p01+1*p23A","[2;≤10]","0.50 / 0.50","1","1*FP23"
"MAXPS (XMM, XMM)","SSE","4","0.50 / 0.50","1 / 1","1*p01","2","0.50 / 0.50","1","1*FP23"
"MAXSS (XMM, M32)","SSE","[4;≤11]","0.50 / 0.50","1 / 2","1*p01+1*p23A","[2;≤10]","0.50 / 0.50","1","1*FP23"
"MAXSS (XMM, XMM)","SSE","4","0.50 / 0.50","1 / 1","1*p01","2","0.50 / 0.50","1","1*FP23"
"MINPS (XMM, M128)","SSE","[4;≤11]","0.50 / 0.50","1 / 2","1*p01+1*p23A","[2;≤10]","0.50 / 0.50","1","1*FP23"
"MINPS (XMM, XMM)","SSE","4","0.50 / 0.50","1 / 1","1*p01","2","0.50 / 0.50","1","1*FP23"
"MINSS (XMM, M32)","SSE","[4;≤11]","0.50 / 0.50","1 / 2","1*p01+1*p23A","[2;≤10]","0.50 / 0.50","1","1*FP23"
"MINSS (XMM, XMM)","SSE","4","0.50 / 0.50","1 / 1","1*p01","2","0.50 / 0.50","1","1*FP23"
"MOVAPS (M128, XMM)","SSE","[≤4;≤12]","0.50 / 0.50","1 / 2","1*p49+1*p78","[≤8;≤11]","0.50 / 1.00","1","1*FP45"
"MOVAPS (XMM, M128)","SSE","[≤4;≤7]","0.33 / 0.33","1 / 1","1*p23A","≤8","0.50","1",""
"MOVAPS_0F28 (XMM, XMM)","SSE","[0;1]","0.17","1 / 0","","0","0.17","1",""
"MOVAPS_0F29 (XMM, XMM)","SSE","[0;1]","0.17","1 / 0","","0","0.17","1",""
"MOVHLPS (XMM, XMM)","SSE","1","1.00 / 1.00","1 / 1","1*p5","1","0.33 / 0.37","1","1*FP123"
"MOVHPS (M64, XMM)","SSE","[≤4;≤12]","0.50 / 0.50","1 / 2","1*p49+1*p78","[≤9;≤11]","0.50 / 1.00","2","1*FP123+1*FP45"
"MOVHPS (XMM, M64)","SSE","[1;≤8]","1.00 / 1.00","1 / 2","1*p23A+1*p5","[1;≤9]","0.33 / 0.50","1","1*FP123"
"MOVLHPS (XMM, XMM)","SSE","1","1.00 / 1.00","1 / 1","1*p5","1","0.33 / 0.37","1","1*FP123"
"MOVLPS (M64, XMM)","SSE","[≤4;≤12]","0.50 / 0.50","1 / 2","1*p49+1*p78","[≤8;≤11]","0.50 / 1.00","1","1*FP45"
"MOVLPS (XMM, M64)","SSE","[1;≤8]","0.50 / 0.50","1 / 2","1*p15+1*p23A","[1;≤9]","0.25 / 0.50","1","1*FP0123"
"MOVMSKPS (R32, XMM)","SSE","≤3","1.00 / 1.00","1 / 1","1*p0","≤6","0.50 / 1.00","1","1*FP45"
"MOVNTPS (M128, XMM)","SSE","[≤515;≤526]","0.50 / 0.50","1 / 2","1*p49+1*p78","[≤997;≤1005]","0.50 / 1.00","1","1*FP45"
"MOVSS (M32, XMM)","SSE","[≤4;≤12]","0.50 / 0.50","1 / 2","1*p49+1*p78","[≤8;≤11]","0.50 / 1.00","1","1*FP45"
"MOVSS (XMM, M32)","SSE","[≤4;≤7]","0.33 / 0.33","1 / 1","1*p23A","≤8","0.50","1",""
"MOVSS_0F10 (XMM, XMM)","SSE","1","0.33 / 0.33","1 / 1","1*p015","1","0.25 / 0.25","1","1*FP0123"
"MOVSS_0F11 (XMM, XMM)","SSE","1","0.33 / 0.33","1 / 1","1*p015","1","0.25 / 0.25","1","1*FP0123"
"MOVUPS (M128, XMM)","SSE","[≤4;≤12]","0.50 / 0.50","1 / 2","1*p49+1*p78","[≤8;≤11]","0.50 / 1.00","1","1*FP45"
"MOVUPS (XMM, M128)","SSE","[≤4;≤7]","0.33 / 0.33","1 / 1","1*p23A","≤8","0.50","1",""
"MOVUPS_0F10 (XMM, XMM)","SSE","[0;1]","0.17","1 / 0","","0","0.17","1",""
"MOVUPS_0F11 (XMM, XMM)","SSE","[0;1]","0.17","1 / 0","","0","0.17","1",""
"MULPS (XMM, M128)","SSE","[4;≤11]","0.50 / 0.50","1 / 2","1*p01+1*p23A","[3;≤11]","0.50 / 0.50","1","1*FP01"
"MULPS (XMM, XMM)","SSE","4","0.50 / 0.50","1 / 1","1*p01","3","0.50 / 0.50","1","1*FP01"
"MULSS (XMM, M32)","SSE","[4;≤11]","0.50 / 0.50","1 / 2","1*p01+1*p23A","[3;≤11]","0.50 / 0.50","1","1*FP01"
"MULSS (XMM, XMM)","SSE","4","0.50 / 0.50","1 / 1","1*p01","3","0.50 / 0.50","1","1*FP01"
"ORPS (XMM, M128)","SSE","[1;≤8]","0.33 / 0.33","1 / 2","1*p015+1*p23A","[1;≤9]","0.25 / 0.50","1","1*FP0123"
"ORPS (XMM, XMM)","SSE","1","0.33 / 0.33","1 / 1","1*p015","1","0.25 / 0.25","1","1*FP0123"
"PREFETCHNTA (M512)","SSE","","0.33 / 0.33","1 / 1","1*p23A","","0.33","1",""
"PREFETCHT0 (M512)","SSE","","0.33 / 0.33","1 / 1","1*p23A","","0.33","1",""
"PREFETCHT1 (M512)","SSE","","0.33 / 0.33","1 / 1","1*p23A","","0.64","1",""
"PREFETCHT2 (M512)","SSE","","0.33 / 0.33","1 / 1","1*p23A","","0.64","1",""
"RCPPS (XMM, M128)","SSE","[≤8;≤11]","1.00 / 1.00","1 / 2","1*p0+1*p23A","≤12","0.50 / 0.50","1","1*FP01"
"RCPPS (XMM, XMM)","SSE","4","1.00 / 1.00","1 / 1","1*p0","4","0.50 / 0.50","1","1*FP01"
"RCPSS (XMM, M32)","SSE","[4;≤11]","1.00 / 1.00","1 / 2","1*p0+1*p23A","[4;≤12]","0.50 / 0.50","1","1*FP01"
"RCPSS (XMM, XMM)","SSE","4","1.00 / 1.00","1 / 1","1*p0","4","0.50 / 0.50","1","1*FP01"
"RSQRTPS (XMM, M128)","SSE","≤11","1.00 / 1.00","1 / 2","1*p0+1*p23A","≤12","0.50 / 0.50","1","1*FP01"
"RSQRTPS (XMM, XMM)","SSE","[≤4.0;≤5]","1.00 / 1.00","1 / 1","1*p0","≤4","0.50 / 0.50","1","1*FP01"
"RSQRTSS (XMM, M32)","SSE","[≤4.0;≤11]","1.00 / 1.00","1 / 2","1*p0+1*p23A","[≤4;≤12]","0.50 / 0.50","1","1*FP01"
"RSQRTSS (XMM, XMM)","SSE","[≤4.0;≤5]","1.00 / 1.00","1 / 1","1*p0","≤4","0.50 / 0.50","1","1*FP01"
"SFENCE","SSE","","0.50 / 5.94","2 / 2","1*p49+1*p78","","1.00","1",""
"SHUFPS (XMM, M128, I8)","SSE","[1;≤8]","0.50 / 0.50","2 / 2","1*p15+1*p23A","[1;≤9]","0.33 / 0.50","1","1*FP123"
"SHUFPS (XMM, XMM, I8)","SSE","1","0.50 / 0.50","1 / 1","1*p15","1","0.33 / 0.36","1","1*FP123"
"SQRTPS (XMM, M128)","SSE","≤19","1.00 / 3.00","1 / 2","1*p0+1*p23A","≤23","0.50 / 5.00","1","1*FP01"
"SQRTPS (XMM, XMM)","SSE","[≤12.0;≤13]","1.00 / 3.00","1 / 1","1*p0","≤15","0.50 / 5.00","1","1*FP01"
"SQRTSS (XMM, M32)","SSE","[≤12.0;≤19]","1.00 / 3.00","1 / 2","1*p0+1*p23A","[≤15;≤23]","0.50 / 5.00","1","1*FP01"
"SQRTSS (XMM, XMM)","SSE","[≤12.0;≤13]","1.00 / 3.00","1 / 1","1*p0","≤15","0.50 / 5.00","1","1*FP01"
"STMXCSR (M32)","SSE","[≤0;≤12]","1.00 / 1.00","3 / 4","1*p0+1*p06+1*p49+1*p78","≤20","0.50 / 15.09","2","1*FP01+1*FP45"
"SUBPS (XMM, M128)","SSE","[2;≤10]","0.50 / 0.50","1 / 2","1*p15+1*p23A","[3;≤11]","0.50 / 0.50","1","1*FP23"
"SUBPS (XMM, XMM)","SSE","[2;3]","0.50 / 0.50","1 / 1","1*p15","3","0.50 / 0.50","1","1*FP23"
"SUBSS (XMM, M32)","SSE","[2;≤10]","0.50 / 0.50","1 / 2","1*p15+1*p23A","[3;≤11]","0.50 / 0.50","1","1*FP23"
"SUBSS (XMM, XMM)","SSE","[2;3]","0.50 / 0.50","1 / 1","1*p15","3","0.50 / 0.50","1","1*FP23"
"UCOMISS (XMM, M32)","SSE","[≤3;8]","1.00 / 1.00","2 / 2","1*p0+1*p23A","[≤7;≤12]","0.50 / 1.00","2","1*FP23+1*FP45"
"UCOMISS (XMM, XMM)","SSE","≤3","1.00 / 1.00","1 / 1","1*p0","≤7","0.50 / 1.00","2","1*FP23+1*FP45"
"UNPCKHPS (XMM, M128)","SSE","[1;≤8]","1.00 / 1.00","1 / 2","1*p23A+1*p5","[1;≤9]","0.33 / 0.50","1","1*FP123"
"UNPCKHPS (XMM, XMM)","SSE","1","1.00 / 1.00","1 / 1","1*p5","1","0.33 / 0.40","1","1*FP123"
"UNPCKLPS (XMM, M128)","SSE","[1;≤8]","1.00 / 1.00","1 / 2","1*p23A+1*p5","[1;≤9]","0.33 / 0.50","1","1*FP123"
"UNPCKLPS (XMM, XMM)","SSE","1","1.00 / 1.00","1 / 1","1*p5","1","0.33 / 0.40","1","1*FP123"
"XORPS (XMM, M128)","SSE","[1;≤8]","0.33 / 0.33","1 / 2","1*p015+1*p23A","[1;≤9]","0.25 / 0.50","1","1*FP0123"
"XORPS (XMM, XMM)","SSE","[0;1]","0.33 / 0.33","1 / 1","1*p015","[0;1]","0.25 / 0.25","1","1*FP0123"
"ADDPD (XMM, M128)","SSE2","[2;≤10]","0.50 / 0.50","1 / 2","1*p15+1*p23A","[3;≤11]","0.50 / 0.50","1","1*FP23"
"ADDPD (XMM, XMM)","SSE2","[2;3]","0.50 / 0.50","1 / 1","1*p15","3","0.50 / 0.50","1","1*FP23"
"ADDSD (XMM, M64)","SSE2","[2;≤10]","0.50 / 0.50","1 / 2","1*p15+1*p23A","[3;≤11]","0.50 / 0.50","1","1*FP23"
"ADDSD (XMM, XMM)","SSE2","[2;3]","0.50 / 0.50","1 / 1","1*p15","3","0.50 / 0.50","1","1*FP23"
"ANDNPD (XMM, M128)","SSE2","[1;≤8]","0.33 / 0.33","1 / 2","1*p015+1*p23A","[1;≤9]","0.25 / 0.50","1","1*FP0123"
"ANDNPD (XMM, XMM)","SSE2","1","0.33 / 0.33","1 / 1","1*p015","[0;1]","0.25 / 0.25","1","1*FP0123"
"ANDPD (XMM, M128)","SSE2","[1;≤8]","0.33 / 0.33","1 / 2","1*p015+1*p23A","[1;≤9]","0.25 / 0.50","1","1*FP0123"
"ANDPD (XMM, XMM)","SSE2","1","0.33 / 0.33","1 / 1","1*p015","1","0.25 / 0.25","1","1*FP0123"
"CMPPD (XMM, M128, I8)","SSE2","[4;≤11]","0.50 / 0.50","2 / 2","1*p01+1*p23A","[2;≤10]","0.50 / 0.50","1","1*FP23"
"CMPPD (XMM, XMM, I8)","SSE2","4","0.50 / 0.50","1 / 1","1*p01","2","0.50 / 0.50","1","1*FP23"
"CMPSD_XMM (XMM, M64, I8)","SSE2","[4;≤11]","0.50 / 0.50","2 / 2","1*p01+1*p23A","[2;≤10]","0.50 / 0.50","1","1*FP23"
"CMPSD_XMM (XMM, XMM, I8)","SSE2","4","0.50 / 0.50","1 / 1","1*p01","2","0.50 / 0.50","1","1*FP23"
"COMISD (XMM, M64)","SSE2","[≤3;8]","1.00 / 1.00","2 / 2","1*p0+1*p23A","[≤7;≤12]","0.50 / 1.00","2","1*FP23+1*FP45"
"COMISD (XMM, XMM)","SSE2","≤3","1.00 / 1.00","1 / 1","1*p0","≤7","0.50 / 1.00","2","1*FP23+1*FP45"
"CVTDQ2PD (XMM, M64)","SSE2","[≤8;≤11]","0.50 / 0.50","1 / 2","1*p01+1*p23A","≤11","0.50 / 0.50","1","1*FP23"
"CVTDQ2PD (XMM, XMM)","SSE2","5","1.00 / 1.00","2 / 2","1*p01+1*p5","3","0.50 / 0.50","1","1*FP23"
"CVTDQ2PS (XMM, M128)","SSE2","[≤8;≤11]","0.50 / 0.50","1 / 2","1*p01+1*p23A","≤11","0.50 / 0.50","1","1*FP23"
"CVTDQ2PS (XMM, XMM)","SSE2","4","0.50 / 0.50","1 / 1","1*p01","3","0.50 / 0.50","1","1*FP23"
"CVTPD2DQ (XMM, M128)","SSE2","[≤9;≤12]","1.00 / 1.00","3 / 3","1*p01+1*p23A+1*p5","≤11","0.50 / 0.50","1","1*FP23"
"CVTPD2DQ (XMM, XMM)","SSE2","5","1.00 / 1.00","2 / 2","1*p01+1*p5","3","0.50 / 0.50","1","1*FP23"
"CVTPD2PI (MM, M128)","SSE2","[≤12;≤24]","1.00 / 1.00","2 / 3","1*p01+1*p23A+1*p5","[≤11;≤24]","0.50 / 0.50","1","1*FP23"
"CVTPD2PI (MM, XMM)","SSE2","≤8","1.00 / 1.00","2 / 2","1*p01+1*p5","≤4","0.50 / 0.50","1","1*FP23"
"CVTPD2PS (XMM, M128)","SSE2","[≤9;≤12]","1.00 / 1.00","2 / 3","1*p01+1*p23A+1*p5","≤11","0.50 / 0.50","1","1*FP23"
"CVTPD2PS (XMM, XMM)","SSE2","5","1.00 / 1.00","2 / 2","1*p01+1*p5","3","0.50 / 0.50","1","1*FP23"
"CVTPI2PD (XMM, M64)","SSE2","[≤8;≤11]","0.50 / 0.50","1 / 2","1*p01+1*p23A","≤11","0.50 / 0.50","1","1*FP23"
"CVTPI2PD (XMM, MM)","SSE2","≤6","1.00 / 1.00","2 / 2","1*p01+1*p5","≤4","0.50 / 0.50","2","1*FP0123+1*FP23"
"CVTPS2DQ (XMM, M128)","SSE2","[≤8;≤11]","0.50 / 0.50","2 / 2","1*p01+1*p23A","≤11","0.50 / 0.50","1","1*FP23"
"CVTPS2DQ (XMM, XMM)","SSE2","4","0.50 / 0.50","1 / 1","1*p01","3","0.50 / 0.50","1","1*FP23"
"CVTPS2PD (XMM, M64)","SSE2","[≤8;≤11]","0.50 / 0.50","1 / 2","1*p01+1*p23A","≤11","0.50 / 0.50","1","1*FP23"
"CVTPS2PD (XMM, XMM)","SSE2","5","1.00 / 1.00","2 / 2","1*p01+1*p5","3","0.50 / 0.50","1","1*FP23"
"CVTSD2SI (R32, M64)","SSE2","≤12","1.00 / 1.00","3 / 3","1*p0+1*p01+1*p23A","[12;≤14]","0.50 / 1.00","2","1*FP23+1*FP45"
"CVTSD2SI (R32, XMM)","SSE2","≤7","1.00 / 1.00","2 / 2","1*p0+1*p01","≤9","0.50 / 1.00","2","1*FP23+1*FP45"
"CVTSD2SI (R64, M64)","SSE2","≤12","1.00 / 1.00","3 / 3","1*p0+1*p01+1*p23A","[12;≤14]","0.50 / 1.00","2","1*FP23+1*FP45"
"CVTSD2SI (R64, XMM)","SSE2","≤7","1.00 / 1.00","2 / 2","1*p0+1*p01","≤9","0.50 / 1.00","2","1*FP23+1*FP45"
"CVTSD2SS (XMM, M64)","SSE2","[1;≤12]","1.00 / 1.00","2 / 3","1*p01+1*p23A+1*p5","[3;≤11]","0.50 / 0.50","1","1*FP23"
"CVTSD2SS (XMM, XMM)","SSE2","[1;5]","1.00 / 1.00","2 / 2","1*p01+1*p5","3","0.50 / 0.50","1","1*FP23"
"CVTSI2SD (XMM, M32)","SSE2","[4;≤11]","0.50 / 0.50","1 / 2","1*p01+1*p23A","[3;≤11]","0.50 / 0.50","1","1*FP23"
"CVTSI2SD (XMM, M64)","SSE2","[4;≤11]","0.50 / 0.50","1 / 2","1*p01+1*p23A","[3;≤11]","0.50 / 0.50","1","1*FP23"
"CVTSI2SD (XMM, R32)","SSE2","[4;≤7]","1.00 / 1.00","2 / 2","1*p01+1*p5","[3;≤8]","0.50 / 1.45","2","1*FP23"
"CVTSI2SD (XMM, R64)","SSE2","[4;≤7]","1.00 / 1.00","2 / 2","1*p01+1*p5","[3;≤8]","0.50 / 1.45","2","1*FP23"
"CVTSS2SD (XMM, M32)","SSE2","[4;≤11]","0.50 / 0.50","1 / 2","1*p01+1*p23A","[3;≤11]","0.50 / 0.50","1","1*FP23"
"CVTSS2SD (XMM, XMM)","SSE2","[4;5]","1.00 / 1.00","2 / 2","1*p01+1*p5","3","0.50 / 0.50","1","1*FP23"
"CVTTPD2DQ (XMM, M128)","SSE2","[≤9;≤12]","1.00 / 1.00","3 / 3","1*p01+1*p23A+1*p5","≤11","0.50 / 0.50","1","1*FP23"
"CVTTPD2DQ (XMM, XMM)","SSE2","5","1.00 / 1.00","2 / 2","1*p01+1*p5","3","0.50 / 0.50","1","1*FP23"
"CVTTPD2PI (MM, M128)","SSE2","[≤12;≤24]","1.00 / 1.00","2 / 3","1*p01+1*p23A+1*p5","[≤11;≤24]","0.50 / 0.50","1","1*FP23"
"CVTTPD2PI (MM, XMM)","SSE2","≤8","1.00 / 1.00","2 / 2","1*p01+1*p5","≤4","0.50 / 0.50","1","1*FP23"
"CVTTPS2DQ (XMM, M128)","SSE2","[≤8;≤11]","0.50 / 0.50","2 / 2","1*p01+1*p23A","≤11","0.50 / 0.50","1","1*FP23"
"CVTTPS2DQ (XMM, XMM)","SSE2","4","0.50 / 0.50","1 / 1","1*p01","3","0.50 / 0.50","1","1*FP23"
"CVTTSD2SI (R32, M64)","SSE2","≤12","1.00 / 1.00","3 / 3","1*p0+1*p01+1*p23A","[12;≤14]","0.50 / 1.00","2","1*FP23+1*FP45"
"CVTTSD2SI (R32, XMM)","SSE2","≤7","1.00 / 1.00","2 / 2","1*p0+1*p01","≤9","0.50 / 1.00","2","1*FP23+1*FP45"
"CVTTSD2SI (R64, M64)","SSE2","≤12","1.00 / 1.00","3 / 3","1*p0+1*p01+1*p23A","[12;≤14]","0.50 / 1.00","2","1*FP23+1*FP45"
"CVTTSD2SI (R64, XMM)","SSE2","≤7","1.00 / 1.00","2 / 2","1*p0+1*p01","≤9","0.50 / 1.00","2","1*FP23+1*FP45"
"DIVPD (XMM, M128)","SSE2","[≤13.0;≤21]","1.00 / 4.00","1 / 2","1*p0+1*p23A","[≤13;≤21]","0.50 / 5.00","1","1*FP01"
"DIVPD (XMM, XMM)","SSE2","[≤13.0;≤15]","1.00 / 4.00","1 / 1","1*p0","≤13","0.50 / 5.00","1","1*FP01"
"DIVSD (XMM, M64)","SSE2","[≤13.0;≤21]","1.00 / 4.00","1 / 2","1*p0+1*p23A","[≤13;≤21]","0.50 / 5.00","1","1*FP01"
"DIVSD (XMM, XMM)","SSE2","[≤13.0;≤15]","1.00 / 4.00","1 / 1","1*p0","≤13","0.50 / 5.00","1","1*FP01"
"LFENCE","SSE2","","0.50 / 12.00","4 / 1","1*p06","","10.00","1",""
"MASKMOVDQU (XMM, XMM)","SSE2","≤10","1.00 / 6.00","10 / 10","1*p0+1*p06+1*p15+2*p23A+2*p49+1*p5+2*p78","≤20","4.00 / 18.00","75","4*FP1+2*FP123+2*FP23+4*FP45"
"MAXPD (XMM, M128)","SSE2","[4;≤11]","0.50 / 0.50","1 / 2","1*p01+1*p23A","[2;≤10]","0.50 / 0.50","1","1*FP23"
"MAXPD (XMM, XMM)","SSE2","4","0.50 / 0.50","1 / 1","1*p01","2","0.50 / 0.50","1","1*FP23"
"MAXSD (XMM, M64)","SSE2","[4;≤11]","0.50 / 0.50","1 / 2","1*p01+1*p23A","[2;≤10]","0.50 / 0.50","1","1*FP23"
"MAXSD (XMM, XMM)","SSE2","4","0.50 / 0.50","1 / 1","1*p01","2","0.50 / 0.50","1","1*FP23"
"MFENCE","SSE2","","0.50 / 38.00","3 / 2","1*p49+1*p78","","58.13","6",""
"MINPD (XMM, M128)","SSE2","[4;≤11]","0.50 / 0.50","1 / 2","1*p01+1*p23A","[2;≤10]","0.50 / 0.50","1","1*FP23"
"MINPD (XMM, XMM)","SSE2","4","0.50 / 0.50","1 / 1","1*p01","2","0.50 / 0.50","1","1*FP23"
"MINSD (XMM, M64)","SSE2","[4;≤11]","0.50 / 0.50","1 / 2","1*p01+1*p23A","[2;≤10]","0.50 / 0.50","1","1*FP23"
"MINSD (XMM, XMM)","SSE2","4","0.50 / 0.50","1 / 1","1*p01","2","0.50 / 0.50","1","1*FP23"
"MOVAPD (M128, XMM)","SSE2","[≤4;≤12]","0.50 / 0.50","1 / 2","1*p49+1*p78","[≤8;≤11]","0.50 / 1.00","1","1*FP45"
"MOVAPD (XMM, M128)","SSE2","[≤4;≤7]","0.33 / 0.33","1 / 1","1*p23A","≤8","0.50","1",""
"MOVAPD_0F28 (XMM, XMM)","SSE2","[0;1]","0.17","1 / 0","","0","0.17","1",""
"MOVAPD_0F29 (XMM, XMM)","SSE2","[0;1]","0.17","1 / 0","","0","0.17","1",""
"MOVD (M32, XMM)","SSE2","[≤4;≤12]","0.50 / 0.50","1 / 2","1*p49+1*p78","[≤8;≤11]","0.50 / 1.00","1","1*FP45"
"MOVD (R32, XMM)","SSE2","≤3","1.00 / 1.00","1 / 1","1*p0","≤6","0.50 / 1.00","1","1*FP45"
"MOVD (XMM, M32)","SSE2","[≤4;≤7]","0.33 / 0.33","1 / 1","1*p23A","≤8","0.50","1",""
"MOVD (XMM, R32)","SSE2","≤3","1.00 / 1.00","1 / 1","1*p5","≤6","0.25 / 1.15","2","1*FP0123"
"MOVDQ2Q (MM, XMM)","SSE2","≤3","0.67 / 0.67","2 / 2","1*p015+1*p05","≤2","0.25 / 0.25","1","1*FP0123"
"MOVDQA (M128, XMM)","SSE2","[≤4;≤12]","0.50 / 0.50","1 / 2","1*p49+1*p78","[≤8;≤11]","0.50 / 1.00","1","1*FP45"
"MOVDQA (XMM, M128)","SSE2","[≤4;≤7]","0.33 / 0.33","1 / 1","1*p23A","≤8","0.50","1",""
"MOVDQA_0F6F (XMM, XMM)","SSE2","[0;1]","0.17","1 / 0","","0","0.17","1",""
"MOVDQA_0F7F (XMM, XMM)","SSE2","[0;1]","0.17","1 / 0","","0","0.17","1",""
"MOVDQU (M128, XMM)","SSE2","[≤4;≤12]","0.50 / 0.50","1 / 2","1*p49+1*p78","[≤8;≤11]","0.50 / 1.00","1","1*FP45"
"MOVDQU (XMM, M128)","SSE2","[≤4;≤7]","0.33 / 0.33","1 / 1","1*p23A","≤8","0.50","1",""
"MOVDQU_0F6F (XMM, XMM)","SSE2","[0;1]","0.17","1 / 0","","0","0.17","1",""
"MOVDQU_0F7F (XMM, XMM)","SSE2","[0;1]","0.17","1 / 0","","0","0.17","1",""
"MOVHPD (M64, XMM)","SSE2","[≤4;≤12]","0.50 / 0.50","1 / 2","1*p49+1*p78","[≤9;≤11]","0.50 / 1.00","2","1*FP23+1*FP45"
"MOVHPD (XMM, M64)","SSE2","[1;≤8]","1.00 / 1.00","1 / 2","1*p23A+1*p5","[1;≤9]","0.33 / 0.50","1","1*FP123"
"MOVLPD (M64, XMM)","SSE2","[≤4;≤12]","0.50 / 0.50","1 / 2","1*p49+1*p78","[≤8;≤11]","0.50 / 1.00","1","1*FP45"
"MOVLPD (XMM, M64)","SSE2","[1;≤8]","0.50 / 0.50","1 / 2","1*p15+1*p23A","[1;≤9]","0.25 / 0.50","1","1*FP0123"
"MOVMSKPD (R32, XMM)","SSE2","≤3","1.00 / 1.00","1 / 1","1*p0","≤6","0.50 / 1.00","1","1*FP45"
"MOVNTDQ (M128, XMM)","SSE2","[≤517;≤528]","0.50 / 0.50","1 / 2","1*p49+1*p78","[≤998;≤1004]","0.50 / 1.00","1","1*FP45"
"MOVNTI (M32, R32)","SSE2","[≤518;≤527]","0.50 / 0.50","2 / 2","1*p49+1*p78","[≤991;≤1005]","0.50","1",""
"MOVNTI (M64, R64)","SSE2","[≤523;≤527]","0.50 / 0.50","2 / 2","1*p49+1*p78","[≤990;≤1006]","0.50","1",""
"MOVNTPD (M128, XMM)","SSE2","[≤520;≤522]","0.50 / 0.50","1 / 2","1*p49+1*p78","[≤998;≤1006]","0.50 / 1.00","1","1*FP45"
"MOVQ (M64, XMM)","SSE2","[≤4;≤12]","0.50 / 0.50","1 / 2","1*p49+1*p78","[≤8;≤11]","0.50 / 1.00","1","1*FP45"
"MOVQ (R64, XMM)","SSE2","≤3","1.00 / 1.00","1 / 1","1*p0","≤6","0.50 / 1.00","1","1*FP45"
"MOVQ (XMM, M64)","SSE2","[≤4;≤7]","0.33 / 0.33","1 / 1","1*p23A","≤8","0.50","1",""
"MOVQ (XMM, R64)","SSE2","≤3","1.00 / 1.00","1 / 1","1*p5","≤6","0.25 / 1.15","2","1*FP0123"
"MOVQ2DQ (XMM, MM)","SSE2","≤3","1.00 / 1.00","2 / 2","1*p0+1*p015","≤2","0.50 / 0.50","2","1*FP0123+1*FP123"
"MOVQ_0F7E (XMM, XMM)","SSE2","1","0.33 / 0.33","1 / 1","1*p015","1","0.25 / 0.25","1","1*FP0123"
"MOVQ_0FD6 (XMM, XMM)","SSE2","1","0.33 / 0.33","1 / 1","1*p015","1","0.25 / 0.25","1","1*FP0123"
"MOVSD_XMM (M64, XMM)","SSE2","[≤4;≤12]","0.50 / 0.50","1 / 2","1*p49+1*p78","[≤8;≤11]","0.50 / 1.00","1","1*FP45"
"MOVSD_XMM (XMM, M64)","SSE2","[≤4;≤7]","0.33 / 0.33","1 / 1","1*p23A","≤8","0.50","1",""
"MOVSD_XMM_0F10 (XMM, XMM)","SSE2","1","0.33 / 0.33","1 / 1","1*p015","1","0.25 / 0.25","1","1*FP0123"
"MOVSD_XMM_0F11 (XMM, XMM)","SSE2","1","0.33 / 0.33","1 / 1","1*p015","1","0.25 / 0.25","1","1*FP0123"
"MOVUPD (M128, XMM)","SSE2","[≤4;≤12]","0.50 / 0.50","1 / 2","1*p49+1*p78","[≤8;≤11]","0.50 / 1.00","1","1*FP45"
"MOVUPD (XMM, M128)","SSE2","[≤4;≤7]","0.33 / 0.33","1 / 1","1*p23A","≤8","0.50","1",""
"MOVUPD_0F10 (XMM, XMM)","SSE2","[0;1]","0.17","1 / 0","","0","0.17","1",""
"MOVUPD_0F11 (XMM, XMM)","SSE2","[0;1]","0.17","1 / 0","","0","0.17","1",""
"MULPD (XMM, M128)","SSE2","[4;≤11]","0.50 / 0.50","1 / 2","1*p01+1*p23A","[3;≤11]","0.50 / 0.50","1","1*FP01"
"MULPD (XMM, XMM)","SSE2","4","0.50 / 0.50","1 / 1","1*p01","3","0.50 / 0.50","1","1*FP01"
"MULSD (XMM, M64)","SSE2","[4;≤11]","0.50 / 0.50","1 / 2","1*p01+1*p23A","[3;≤11]","0.50 / 0.50","1","1*FP01"
"MULSD (XMM, XMM)","SSE2","4","0.50 / 0.50","1 / 1","1*p01","3","0.50 / 0.50","1","1*FP01"
"ORPD (XMM, M128)","SSE2","[1;≤8]","0.33 / 0.33","1 / 2","1*p015+1*p23A","[1;≤9]","0.25 / 0.50","1","1*FP0123"
"ORPD (XMM, XMM)","SSE2","1","0.33 / 0.33","1 / 1","1*p015","1","0.25 / 0.25","1","1*FP0123"
"PACKSSDW (XMM, M128)","SSE2","[3;≤10]","1.00 / 1.00","1 / 2","1*p23A+1*p5","[2;≤10]","0.50 / 0.50","1","1*FP12"
"PACKSSDW (XMM, XMM)","SSE2","3","1.00 / 1.00","1 / 1","1*p5","2","0.50 / 0.50","1","1*FP12"
"PACKSSWB (XMM, M128)","SSE2","[3;≤10]","1.00 / 1.00","1 / 2","1*p23A+1*p5","[2;≤10]","0.50 / 0.50","1","1*FP12"
"PACKSSWB (XMM, XMM)","SSE2","3","1.00 / 1.00","1 / 1","1*p5","2","0.50 / 0.50","1","1*FP12"
"PACKUSWB (XMM, M128)","SSE2","[3;≤10]","1.00 / 1.00","1 / 2","1*p23A+1*p5","[2;≤10]","0.50 / 0.50","1","1*FP12"
"PACKUSWB (XMM, XMM)","SSE2","3","1.00 / 1.00","1 / 1","1*p5","2","0.50 / 0.50","1","1*FP12"
"PADDB (XMM, M128)","SSE2","[1;≤8]","0.33 / 0.33","1 / 2","1*p015+1*p23A","[1;≤9]","0.25 / 0.50","1","1*FP0123"
"PADDB (XMM, XMM)","SSE2","1","0.33 / 0.33","1 / 1","1*p015","1","0.25 / 0.25","1","1*FP0123"
"PADDD (XMM, M128)","SSE2","[1;≤8]","0.33 / 0.33","1 / 2","1*p015+1*p23A","[1;≤9]","0.25 / 0.50","1","1*FP0123"
"PADDD (XMM, XMM)","SSE2","1","0.33 / 0.33","1 / 1","1*p015","1","0.25 / 0.25","1","1*FP0123"
"PADDQ (MM, M64)","SSE2","[1;≤9]","0.50 / 0.50","1 / 2","1*p05+1*p23A","[1;≤9]","0.25 / 0.50","1","1*FP0123"
"PADDQ (MM, MM)","SSE2","1","0.50 / 0.50","1 / 1","1*p05","1","0.25 / 0.25","1","1*FP0123"
"PADDQ (XMM, M128)","SSE2","[1;≤8]","0.33 / 0.33","1 / 2","1*p015+1*p23A","[1;≤9]","0.25 / 0.50","1","1*FP0123"
"PADDQ (XMM, XMM)","SSE2","1","0.33 / 0.33","1 / 1","1*p015","1","0.25 / 0.25","1","1*FP0123"
"PADDSB (XMM, M128)","SSE2","[1;≤8]","0.50 / 0.50","1 / 2","1*p01+1*p23A","[2;≤10]","0.50 / 0.50","1","1*FP01"
"PADDSB (XMM, XMM)","SSE2","1","0.50 / 0.50","1 / 1","1*p01","2","0.50 / 0.50","1","1*FP01"
"PADDSW (XMM, M128)","SSE2","[1;≤8]","0.50 / 0.50","1 / 2","1*p01+1*p23A","[2;≤10]","0.50 / 0.50","1","1*FP01"
"PADDSW (XMM, XMM)","SSE2","1","0.50 / 0.50","1 / 1","1*p01","2","0.50 / 0.50","1","1*FP01"
"PADDUSB (XMM, M128)","SSE2","[1;≤8]","0.50 / 0.50","1 / 2","1*p01+1*p23A","[2;≤10]","0.50 / 0.50","1","1*FP01"
"PADDUSB (XMM, XMM)","SSE2","1","0.50 / 0.50","1 / 1","1*p01","2","0.50 / 0.50","1","1*FP01"
"PADDUSW (XMM, M128)","SSE2","[1;≤8]","0.50 / 0.50","1 / 2","1*p01+1*p23A","[2;≤10]","0.50 / 0.50","1","1*FP01"
"PADDUSW (XMM, XMM)","SSE2","1","0.50 / 0.50","1 / 1","1*p01","2","0.50 / 0.50","1","1*FP01"
"PADDW (XMM, M128)","SSE2","[1;≤8]","0.33 / 0.33","1 / 2","1*p015+1*p23A","[1;≤9]","0.25 / 0.50","1","1*FP0123"
"PADDW (XMM, XMM)","SSE2","1","0.33 / 0.33","1 / 1","1*p015","1","0.25 / 0.25","1","1*FP0123"
"PAND (XMM, M128)","SSE2","[1;≤8]","0.33 / 0.33","1 / 2","1*p015+1*p23A","[1;≤9]","0.25 / 0.50","1","1*FP0123"
"PAND (XMM, XMM)","SSE2","1","0.33 / 0.33","1 / 1","1*p015","1","0.25 / 0.25","1","1*FP0123"
"PANDN (XMM, M128)","SSE2","[1;≤8]","0.33 / 0.33","1 / 2","1*p015+1*p23A","[1;≤9]","0.25 / 0.50","1","1*FP0123"
"PANDN (XMM, XMM)","SSE2","1","0.33 / 0.33","1 / 1","1*p015","[0;1]","0.25 / 0.25","1","1*FP0123"
"PAVGB (XMM, M128)","SSE2","[1;≤8]","0.50 / 0.50","1 / 2","1*p01+1*p23A","[2;≤10]","0.25 / 0.50","1","1*FP0123"
"PAVGB (XMM, XMM)","SSE2","1","0.50 / 0.50","1 / 1","1*p01","2","0.25 / 0.25","1","1*FP0123"
"PAVGW (XMM, M128)","SSE2","[1;≤8]","0.50 / 0.50","1 / 2","1*p01+1*p23A","[2;≤10]","0.25 / 0.50","1","1*FP0123"
"PAVGW (XMM, XMM)","SSE2","1","0.50 / 0.50","1 / 1","1*p01","2","0.25 / 0.25","1","1*FP0123"
"PCMPEQB (XMM, M128)","SSE2","[1;≤8]","0.50 / 0.50","1 / 2","1*p01+1*p23A","[1;≤9]","0.25 / 0.50","1","1*FP0123"
"PCMPEQB (XMM, XMM)","SSE2","[0;1]","0.50 / 0.50","1 / 1","1*p01","[0;1]","0.25 / 0.25","1","1*FP0123"
"PCMPEQD (XMM, M128)","SSE2","[1;≤8]","0.50 / 0.50","1 / 2","1*p01+1*p23A","[1;≤9]","0.25 / 0.50","1","1*FP0123"
"PCMPEQD (XMM, XMM)","SSE2","[0;1]","0.50 / 0.50","1 / 1","1*p01","[0;1]","0.25 / 0.25","1","1*FP0123"
"PCMPEQW (XMM, M128)","SSE2","[1;≤8]","0.50 / 0.50","1 / 2","1*p01+1*p23A","[1;≤9]","0.25 / 0.50","1","1*FP0123"
"PCMPEQW (XMM, XMM)","SSE2","[0;1]","0.50 / 0.50","1 / 1","1*p01","[0;1]","0.25 / 0.25","1","1*FP0123"
"PCMPGTB (XMM, M128)","SSE2","[1;≤8]","0.50 / 0.50","1 / 2","1*p01+1*p23A","[1;≤9]","0.25 / 0.50","1","1*FP0123"
"PCMPGTB (XMM, XMM)","SSE2","[0;1]","0.50 / 0.50","1 / 1","1*p01","[0;1]","0.25 / 0.25","1","1*FP0123"
"PCMPGTD (XMM, M128)","SSE2","[1;≤8]","0.50 / 0.50","1 / 2","1*p01+1*p23A","[1;≤9]","0.25 / 0.50","1","1*FP0123"
"PCMPGTD (XMM, XMM)","SSE2","[0;1]","0.50 / 0.50","1 / 1","1*p01","[0;1]","0.25 / 0.25","1","1*FP0123"
"PCMPGTW (XMM, M128)","SSE2","[1;≤8]","0.50 / 0.50","1 / 2","1*p01+1*p23A","[1;≤9]","0.25 / 0.50","1","1*FP0123"
"PCMPGTW (XMM, XMM)","SSE2","[0;1]","0.50 / 0.50","1 / 1","1*p01","[0;1]","0.25 / 0.25","1","1*FP0123"
"PEXTRW (R32, XMM, I8)","SSE2","≤4","1.00 / 1.00","2 / 2","1*p0+1*p15","≤7","0.50 / 1.00","2","1*FP123+1*FP45"
"PINSRW (XMM, M16, I8)","SSE2","[1;≤8]","0.50 / 0.50","2 / 2","1*p15+1*p23A","[1;≤9]","0.33 / 0.50","1","1*FP123"
"PINSRW (XMM, R32, I8)","SSE2","[1;≤4]","1.00 / 1.05","2 / 2","1*p15+1*p5","[1;≤6]","1.00 / 1.00","2","1*FP1"
"PMADDWD (XMM, M128)","SSE2","[5;≤13]","0.50 / 0.50","1 / 2","1*p01+1*p23A","[3;≤11]","0.50 / 0.50","1","1*FP01"
"PMADDWD (XMM, XMM)","SSE2","5","0.50 / 0.50","1 / 1","1*p01","3","0.50 / 0.50","1","1*FP01"
"PMAXSW (XMM, M128)","SSE2","[1;≤8]","0.50 / 0.50","1 / 2","1*p01+1*p23A","[1;≤9]","0.25 / 0.50","1","1*FP0123"
"PMAXSW (XMM, XMM)","SSE2","1","0.50 / 0.50","1 / 1","1*p01","1","0.25 / 0.25","1","1*FP0123"
"PMAXUB (XMM, M128)","SSE2","[1;≤8]","0.50 / 0.50","1 / 2","1*p01+1*p23A","[1;≤9]","0.25 / 0.50","1","1*FP0123"
"PMAXUB (XMM, XMM)","SSE2","1","0.50 / 0.50","1 / 1","1*p01","1","0.25 / 0.25","1","1*FP0123"
"PMINSW (XMM, M128)","SSE2","[1;≤8]","0.50 / 0.50","1 / 2","1*p01+1*p23A","[1;≤9]","0.25 / 0.50","1","1*FP0123"
"PMINSW (XMM, XMM)","SSE2","1","0.50 / 0.50","1 / 1","1*p01","1","0.25 / 0.25","1","1*FP0123"
"PMINUB (XMM, M128)","SSE2","[1;≤8]","0.50 / 0.50","1 / 2","1*p01+1*p23A","[1;≤9]","0.25 / 0.50","1","1*FP0123"
"PMINUB (XMM, XMM)","SSE2","1","0.50 / 0.50","1 / 1","1*p01","1","0.25 / 0.25","1","1*FP0123"
"PMOVMSKB (R32, XMM)","SSE2","≤3","1.00 / 1.00","1 / 1","1*p0","≤6","0.50 / 1.00","1","1*FP45"
"PMULHUW (XMM, M128)","SSE2","[5;≤13]","0.50 / 0.50","1 / 2","1*p01+1*p23A","[3;≤11]","0.50 / 0.50","1","1*FP01"
"PMULHUW (XMM, XMM)","SSE2","5","0.50 / 0.50","1 / 1","1*p01","3","0.50 / 0.50","1","1*FP01"
"PMULHW (XMM, M128)","SSE2","[5;≤13]","0.50 / 0.50","1 / 2","1*p01+1*p23A","[3;≤11]","0.50 / 0.50","1","1*FP01"
"PMULHW (XMM, XMM)","SSE2","5","0.50 / 0.50","1 / 1","1*p01","3","0.50 / 0.50","1","1*FP01"
"PMULLW (XMM, M128)","SSE2","[5;≤13]","0.50 / 0.50","1 / 2","1*p01+1*p23A","[3;≤11]","0.50 / 0.50","1","1*FP01"
"PMULLW (XMM, XMM)","SSE2","5","0.50 / 0.50","1 / 1","1*p01","3","0.50 / 0.50","1","1*FP01"
"PMULUDQ (MM, M64)","SSE2","[5;≤13]","1.00 / 1.00","1 / 2","1*p0+1*p23A","[3;≤11]","0.50 / 0.50","1","1*FP01"
"PMULUDQ (MM, MM)","SSE2","5","1.00 / 1.00","1 / 1","1*p0","3","0.50 / 0.50","1","1*FP01"
"PMULUDQ (XMM, M128)","SSE2","[5;≤13]","0.50 / 0.50","1 / 2","1*p01+1*p23A","[3;≤11]","0.50 / 0.50","1","1*FP01"
"PMULUDQ (XMM, XMM)","SSE2","5","0.50 / 0.50","1 / 1","1*p01","3","0.50 / 0.50","1","1*FP01"
"POR (XMM, M128)","SSE2","[1;≤8]","0.33 / 0.33","1 / 2","1*p015+1*p23A","[1;≤9]","0.25 / 0.50","1","1*FP0123"
"POR (XMM, XMM)","SSE2","1","0.33 / 0.33","1 / 1","1*p015","1","0.25 / 0.25","1","1*FP0123"
"PSADBW (XMM, M128)","SSE2","[3;≤10]","1.00 / 1.00","1 / 2","1*p23A+1*p5","[3;≤11]","0.50 / 0.50","1","1*FP01"
"PSADBW (XMM, XMM)","SSE2","3","1.00 / 1.00","1 / 1","1*p5","3","0.50 / 0.50","1","1*FP01"
"PSHUFD (XMM, M128, I8)","SSE2","[≤5;≤8]","0.50 / 0.50","2 / 2","1*p15+1*p23A","≤9","0.33 / 0.50","1","1*FP123"
"PSHUFD (XMM, XMM, I8)","SSE2","1","0.50 / 0.50","1 / 1","1*p15","1","0.33 / 0.33","1","1*FP123"
"PSHUFHW (XMM, M128, I8)","SSE2","[≤5;≤8]","0.50 / 0.50","2 / 2","1*p15+1*p23A","≤9","0.33 / 0.50","1","1*FP123"
"PSHUFHW (XMM, XMM, I8)","SSE2","1","0.50 / 0.50","1 / 1","1*p15","1","0.33 / 0.33","1","1*FP123"
"PSHUFLW (XMM, M128, I8)","SSE2","[≤5;≤8]","0.50 / 0.50","2 / 2","1*p15+1*p23A","≤9","0.33 / 0.50","1","1*FP123"
"PSHUFLW (XMM, XMM, I8)","SSE2","1","0.50 / 0.50","1 / 1","1*p15","1","0.33 / 0.33","1","1*FP123"
"PSLLD (XMM, I8)","SSE2","1","0.50 / 0.50","1 / 1","1*p01","1","0.50 / 0.50","1","1*FP23"
"PSLLD (XMM, M128)","SSE2","[1;≤8]","0.50 / 0.50","2 / 2","1*p01+1*p23A","[2;≤10]","0.50 / 0.50","1","1*FP01"
"PSLLD (XMM, XMM)","SSE2","[1;2]","0.67 / 0.67","2 / 2","1*p01+1*p15","2","0.50 / 0.50","1","1*FP01"
"PSLLDQ (XMM, I8)","SSE2","1","0.50 / 0.50","1 / 1","1*p15","2","0.50 / 0.50","1","1*FP12"
"PSLLQ (XMM, I8)","SSE2","1","0.50 / 0.50","1 / 1","1*p01","1","0.50 / 0.50","1","1*FP23"
"PSLLQ (XMM, M128)","SSE2","[1;≤8]","0.50 / 0.50","2 / 2","1*p01+1*p23A","[2;≤10]","0.50 / 0.50","1","1*FP01"
"PSLLQ (XMM, XMM)","SSE2","[1;2]","0.67 / 0.67","2 / 2","1*p01+1*p15","2","0.50 / 0.50","1","1*FP01"
"PSLLW (XMM, I8)","SSE2","1","0.50 / 0.50","1 / 1","1*p01","1","0.50 / 0.50","1","1*FP23"
"PSLLW (XMM, M128)","SSE2","[1;≤8]","0.50 / 0.50","2 / 2","1*p01+1*p23A","[2;≤10]","0.50 / 0.50","1","1*FP01"
"PSLLW (XMM, XMM)","SSE2","[1;2]","0.67 / 0.67","2 / 2","1*p01+1*p15","2","0.50 / 0.50","1","1*FP01"
"PSRAD (XMM, I8)","SSE2","1","0.50 / 0.50","1 / 1","1*p01","1","0.50 / 0.50","1","1*FP23"
"PSRAD (XMM, M128)","SSE2","[1;≤8]","0.50 / 0.50","2 / 2","1*p01+1*p23A","[2;≤10]","0.50 / 0.50","1","1*FP01"
"PSRAD (XMM, XMM)","SSE2","[1;2]","0.67 / 0.67","2 / 2","1*p01+1*p15","2","0.50 / 0.50","1","1*FP01"
"PSRAW (XMM, I8)","SSE2","1","0.50 / 0.50","1 / 1","1*p01","1","0.50 / 0.50","1","1*FP23"
"PSRAW (XMM, M128)","SSE2","[1;≤8]","0.50 / 0.50","2 / 2","1*p01+1*p23A","[2;≤10]","0.50 / 0.50","1","1*FP01"
"PSRAW (XMM, XMM)","SSE2","[1;2]","0.67 / 0.67","2 / 2","1*p01+1*p15","2","0.50 / 0.50","1","1*FP01"
"PSRLD (XMM, I8)","SSE2","1","0.50 / 0.50","1 / 1","1*p01","1","0.50 / 0.50","1","1*FP23"
"PSRLD (XMM, M128)","SSE2","[1;≤8]","0.50 / 0.50","2 / 2","1*p01+1*p23A","[2;≤10]","0.50 / 0.50","1","1*FP01"
"PSRLD (XMM, XMM)","SSE2","[1;2]","0.67 / 0.67","2 / 2","1*p01+1*p15","2","0.50 / 0.50","1","1*FP01"
"PSRLDQ (XMM, I8)","SSE2","1","0.50 / 0.50","1 / 1","1*p15","2","0.50 / 0.50","1","1*FP12"
"PSRLQ (XMM, I8)","SSE2","1","0.50 / 0.50","1 / 1","1*p01","1","0.50 / 0.50","1","1*FP23"
"PSRLQ (XMM, M128)","SSE2","[1;≤8]","0.50 / 0.50","2 / 2","1*p01+1*p23A","[2;≤10]","0.50 / 0.50","1","1*FP01"
"PSRLQ (XMM, XMM)","SSE2","[1;2]","0.67 / 0.67","2 / 2","1*p01+1*p15","2","0.50 / 0.50","1","1*FP01"
"PSRLW (XMM, I8)","SSE2","1","0.50 / 0.50","1 / 1","1*p01","1","0.50 / 0.50","1","1*FP23"
"PSRLW (XMM, M128)","SSE2","[1;≤8]","0.50 / 0.50","2 / 2","1*p01+1*p23A","[2;≤10]","0.50 / 0.50","1","1*FP01"
"PSRLW (XMM, XMM)","SSE2","[1;2]","0.67 / 0.67","2 / 2","1*p01+1*p15","2","0.50 / 0.50","1","1*FP01"
"PSUBB (XMM, M128)","SSE2","[1;≤8]","0.33 / 0.35","1 / 2","1*p015+1*p23A","[1;≤9]","0.25 / 0.50","1","1*FP0123"
"PSUBB (XMM, XMM)","SSE2","[0;1]","0.33 / 0.33","1 / 1","1*p015","[0;1]","0.25 / 0.25","1","1*FP0123"
"PSUBD (XMM, M128)","SSE2","[1;≤8]","0.33 / 0.33","1 / 2","1*p015+1*p23A","[1;≤9]","0.25 / 0.50","1","1*FP0123"
"PSUBD (XMM, XMM)","SSE2","[0;1]","0.33 / 0.33","1 / 1","1*p015","[0;1]","0.25 / 0.25","1","1*FP0123"
"PSUBQ (MM, M64)","SSE2","[1;≤9]","0.50 / 0.50","1 / 2","1*p05+1*p23A","[1;≤9]","0.25 / 0.50","1","1*FP0123"
"PSUBQ (MM, MM)","SSE2","[0;1]","0.50 / 0.50","1 / 1","1*p05","[0;1]","0.25 / 0.25","1","1*FP0123"
"PSUBQ (XMM, M128)","SSE2","[1;≤8]","0.33 / 0.33","1 / 2","1*p015+1*p23A","[1;≤9]","0.25 / 0.50","1","1*FP0123"
"PSUBQ (XMM, XMM)","SSE2","[0;1]","0.33 / 0.33","1 / 1","1*p015","[0;1]","0.25 / 0.25","1","1*FP0123"
"PSUBSB (XMM, M128)","SSE2","[1;≤8]","0.50 / 0.50","1 / 2","1*p01+1*p23A","[2;≤10]","0.50 / 0.50","1","1*FP01"
"PSUBSB (XMM, XMM)","SSE2","[0;1]","0.50 / 0.50","1 / 1","1*p01","[0;2]","0.50 / 0.50","1","1*FP01"
"PSUBSW (XMM, M128)","SSE2","[1;≤8]","0.50 / 0.50","1 / 2","1*p01+1*p23A","[2;≤10]","0.50 / 0.50","1","1*FP01"
"PSUBSW (XMM, XMM)","SSE2","[0;1]","0.50 / 0.50","1 / 1","1*p01","[0;2]","0.50 / 0.50","1","1*FP01"
"PSUBUSB (XMM, M128)","SSE2","[1;≤8]","0.50 / 0.50","1 / 2","1*p01+1*p23A","[2;≤10]","0.50 / 0.50","1","1*FP01"
"PSUBUSB (XMM, XMM)","SSE2","[0;1]","0.50 / 0.50","1 / 1","1*p01","[0;2]","0.50 / 0.50","1","1*FP01"
"PSUBUSW (XMM, M128)","SSE2","[1;≤8]","0.50 / 0.50","1 / 2","1*p01+1*p23A","[2;≤10]","0.50 / 0.50","1","1*FP01"
"PSUBUSW (XMM, XMM)","SSE2","[0;1]","0.50 / 0.50","1 / 1","1*p01","[0;2]","0.50 / 0.50","1","1*FP01"
"PSUBW (XMM, M128)","SSE2","[1;≤8]","0.33 / 0.33","1 / 2","1*p015+1*p23A","[1;≤9]","0.25 / 0.50","1","1*FP0123"
"PSUBW (XMM, XMM)","SSE2","[0;1]","0.33 / 0.33","1 / 1","1*p015","[0;1]","0.25 / 0.25","1","1*FP0123"
"PUNPCKHBW (XMM, M128)","SSE2","[1;≤8]","0.50 / 0.50","1 / 2","1*p15+1*p23A","[1;≤9]","0.33 / 0.50","1","1*FP123"
"PUNPCKHBW (XMM, XMM)","SSE2","1","0.50 / 0.50","1 / 1","1*p15","1","0.33 / 0.40","1","1*FP123"
"PUNPCKHDQ (XMM, M128)","SSE2","[1;≤8]","0.50 / 0.50","1 / 2","1*p15+1*p23A","[1;≤9]","0.33 / 0.50","1","1*FP123"
"PUNPCKHDQ (XMM, XMM)","SSE2","1","0.50 / 0.50","1 / 1","1*p15","1","0.33 / 0.40","1","1*FP123"
"PUNPCKHQDQ (XMM, M128)","SSE2","[1;≤8]","0.50 / 0.50","1 / 2","1*p15+1*p23A","[1;≤9]","0.33 / 0.50","1","1*FP123"
"PUNPCKHQDQ (XMM, XMM)","SSE2","1","0.50 / 0.50","1 / 1","1*p15","1","0.33 / 0.40","1","1*FP123"
"PUNPCKHWD (XMM, M128)","SSE2","[1;≤8]","0.50 / 0.50","1 / 2","1*p15+1*p23A","[1;≤9]","0.33 / 0.50","1","1*FP123"
"PUNPCKHWD (XMM, XMM)","SSE2","1","0.50 / 0.50","1 / 1","1*p15","1","0.33 / 0.40","1","1*FP123"
"PUNPCKLBW (XMM, M128)","SSE2","[1;≤8]","0.50 / 0.50","1 / 2","1*p15+1*p23A","[1;≤9]","0.33 / 0.50","1","1*FP123"
"PUNPCKLBW (XMM, XMM)","SSE2","1","0.50 / 0.50","1 / 1","1*p15","1","0.33 / 0.40","1","1*FP123"
"PUNPCKLDQ (XMM, M128)","SSE2","[1;≤8]","0.50 / 0.50","1 / 2","1*p15+1*p23A","[1;≤9]","0.33 / 0.50","1","1*FP123"
"PUNPCKLDQ (XMM, XMM)","SSE2","1","0.50 / 0.50","1 / 1","1*p15","1","0.33 / 0.40","1","1*FP123"
"PUNPCKLQDQ (XMM, M128)","SSE2","[1;≤8]","0.50 / 0.50","1 / 2","1*p15+1*p23A","[1;≤9]","0.33 / 0.50","1","1*FP123"
"PUNPCKLQDQ (XMM, XMM)","SSE2","1","0.50 / 0.50","1 / 1","1*p15","1","0.33 / 0.40","1","1*FP123"
"PUNPCKLWD (XMM, M128)","SSE2","[1;≤8]","0.50 / 0.50","1 / 2","1*p15+1*p23A","[1;≤9]","0.33 / 0.50","1","1*FP123"
"PUNPCKLWD (XMM, XMM)","SSE2","1","0.50 / 0.50","1 / 1","1*p15","1","0.33 / 0.40","1","1*FP123"
"PXOR (XMM, M128)","SSE2","[1;≤8]","0.33 / 0.33","1 / 2","1*p015+1*p23A","[1;≤9]","0.25 / 0.50","1","1*FP0123"
"PXOR (XMM, XMM)","SSE2","[0;1]","0.33 / 0.33","1 / 1","1*p015","[0;1]","0.25 / 0.25","1","1*FP0123"
"SHUFPD (XMM, M128, I8)","SSE2","[1;≤8]","0.50 / 0.50","2 / 2","1*p15+1*p23A","[1;≤9]","0.33 / 0.50","1","1*FP123"
"SHUFPD (XMM, XMM, I8)","SSE2","1","0.50 / 0.50","1 / 1","1*p15","1","0.33 / 0.37","1","1*FP123"
"SQRTPD (XMM, M128)","SSE2","[≤20.0;≤25]","1.00 / 4.50","1 / 2","1*p0+1*p23A","≤29","0.50 / 8.40","1","1*FP01"
"SQRTPD (XMM, XMM)","SSE2","[≤13.0;≤19]","1.00 / 4.50","1 / 1","1*p0","≤21","0.50 / 8.40","1","1*FP01"
"SQRTSD (XMM, M64)","SSE2","[≤13.0;≤25]","1.00 / 4.50","1 / 2","1*p0+1*p23A","[≤21;≤29]","0.50 / 8.40","1","1*FP01"
"SQRTSD (XMM, XMM)","SSE2","[≤13.0;≤19]","1.00 / 4.50","1 / 1","1*p0","≤21","0.50 / 8.40","1","1*FP01"
"SUBPD (XMM, M128)","SSE2","[2;≤10]","0.50 / 0.50","1 / 2","1*p15+1*p23A","[3;≤11]","0.50 / 0.50","1","1*FP23"
"SUBPD (XMM, XMM)","SSE2","[2;3]","0.50 / 0.50","1 / 1","1*p15","3","0.50 / 0.50","1","1*FP23"
"SUBSD (XMM, M64)","SSE2","[2;≤10]","0.50 / 0.50","1 / 2","1*p15+1*p23A","[3;≤11]","0.50 / 0.50","1","1*FP23"
"SUBSD (XMM, XMM)","SSE2","[2;3]","0.50 / 0.50","1 / 1","1*p15","3","0.50 / 0.50","1","1*FP23"
"UCOMISD (XMM, M64)","SSE2","[≤3;8]","1.00 / 1.00","2 / 2","1*p0+1*p23A","[≤7;≤12]","0.50 / 1.00","2","1*FP23+1*FP45"
"UCOMISD (XMM, XMM)","SSE2","≤3","1.00 / 1.00","1 / 1","1*p0","≤7","0.50 / 1.00","2","1*FP23+1*FP45"
"UNPCKHPD (XMM, M128)","SSE2","[1;≤8]","1.00 / 1.00","1 / 2","1*p23A+1*p5","[1;≤9]","0.33 / 0.50","1","1*FP123"
"UNPCKHPD (XMM, XMM)","SSE2","1","1.00 / 1.00","1 / 1","1*p5","1","0.33 / 0.40","1","1*FP123"
"UNPCKLPD (XMM, M128)","SSE2","[1;≤8]","1.00 / 1.00","1 / 2","1*p23A+1*p5","[1;≤9]","0.33 / 0.50","1","1*FP123"
"UNPCKLPD (XMM, XMM)","SSE2","1","1.00 / 1.00","1 / 1","1*p5","1","0.33 / 0.40","1","1*FP123"
"XORPD (XMM, M128)","SSE2","[1;≤8]","0.33 / 0.33","1 / 2","1*p015+1*p23A","[1;≤9]","0.25 / 0.50","1","1*FP0123"
"XORPD (XMM, XMM)","SSE2","[0;1]","0.33 / 0.33","1 / 1","1*p015","[0;1]","0.25 / 0.25","1","1*FP0123"
"ADDSUBPD (XMM, M128)","SSE3","[2;≤10]","0.50 / 0.50","1 / 2","1*p15+1*p23A","[3;≤11]","0.50 / 0.50","1","1*FP23"
"ADDSUBPD (XMM, XMM)","SSE3","[2;3]","0.50 / 0.50","1 / 1","1*p15","3","0.50 / 0.50","1","1*FP23"
"ADDSUBPS (XMM, M128)","SSE3","[2;≤10]","0.50 / 0.50","1 / 2","1*p15+1*p23A","[3;≤11]","0.50 / 0.50","1","1*FP23"
"ADDSUBPS (XMM, XMM)","SSE3","[2;3]","0.50 / 0.50","1 / 1","1*p15","3","0.50 / 0.50","1","1*FP23"
"FISTTP (M16, ST0, ST(0))","SSE3","","","","","","","",""
"FISTTP (M32, ST0, ST(0))","SSE3","","","","","","","",""
"FISTTP (M64, ST0, ST(0))","SSE3","","","","","","","",""
"HADDPD (XMM, M128)","SSE3","[5;≤12]","2.00 / 2.00","4 / 4","1*p15+1*p23A+2*p5","[4;≤12]","1.00 / 2.00","4","1*FP1+2*FP23"
"HADDPD (XMM, XMM)","SSE3","[5;6]","2.00 / 2.00","3 / 3","1*p15+2*p5","4","1.00 / 2.00","4","1*FP123+2*FP23"
"HADDPS (XMM, M128)","SSE3","[5;≤12]","2.00 / 2.00","4 / 4","1*p15+1*p23A+2*p5","[4;≤12]","1.00 / 2.00","4","1*FP1+2*FP23"
"HADDPS (XMM, XMM)","SSE3","[5;6]","2.00 / 2.00","3 / 3","1*p15+2*p5","4","1.00 / 2.00","4","1*FP123+2*FP23"
"HSUBPD (XMM, M128)","SSE3","[5;≤12]","2.00 / 2.00","4 / 4","1*p15+1*p23A+2*p5","[4;≤12]","1.00 / 2.00","4","1*FP1+2*FP23"
"HSUBPD (XMM, XMM)","SSE3","[5;6]","2.00 / 2.00","3 / 3","1*p15+2*p5","4","1.00 / 2.00","4","1*FP123+2*FP23"
"HSUBPS (XMM, M128)","SSE3","[5;≤12]","2.00 / 2.00","4 / 4","1*p15+1*p23A+2*p5","[4;≤12]","1.00 / 2.00","4","1*FP1+2*FP23"
"HSUBPS (XMM, XMM)","SSE3","[5;6]","2.00 / 2.00","3 / 3","1*p15+2*p5","4","1.00 / 2.00","4","1*FP123+2*FP23"
"LDDQU (XMM, M128)","SSE3","[≤4;≤7]","0.33 / 0.33","1 / 1","1*p23A","≤8","0.50","1",""
"MOVDDUP (XMM, M64)","SSE3","[≤4;≤7]","0.33 / 0.33","1 / 1","1*p23A","≤8","0.50","1",""
"MOVDDUP (XMM, XMM)","SSE3","1","1.00 / 1.00","1 / 1","1*p5","1","0.33 / 0.33","1","1*FP123"
"MOVSHDUP (XMM, M128)","SSE3","[≤4;≤7]","0.33 / 0.33","1 / 1","1*p23A","≤8","0.50","1",""
"MOVSHDUP (XMM, XMM)","SSE3","1","0.50 / 0.50","1 / 1","1*p15","1","0.33 / 0.33","1","1*FP123"
"MOVSLDUP (XMM, M128)","SSE3","[≤4;≤7]","0.33 / 0.33","1 / 1","1*p23A","≤8","0.50","1",""
"MOVSLDUP (XMM, XMM)","SSE3","1","0.50 / 0.50","1 / 1","1*p15","1","0.33 / 0.33","1","1*FP123"
"BLENDPD (XMM, M128, I8)","SSE4","[1;≤8]","0.33 / 0.33","2 / 2","1*p015+1*p23A","[1;≤9]","0.50 / 0.50","1","1*FP01"
"BLENDPD (XMM, XMM, I8)","SSE4","1","0.33 / 0.33","1 / 1","1*p015","1","0.50 / 0.50","1","1*FP01"
"BLENDPS (XMM, M128, I8)","SSE4","[1;≤8]","0.33 / 0.33","2 / 2","1*p015+1*p23A","[1;≤9]","0.25 / 0.50","1","1*FP0123"
"BLENDPS (XMM, XMM, I8)","SSE4","1","0.33 / 0.33","1 / 1","1*p015","1","0.25 / 0.25","1","1*FP0123"
"BLENDVPD (XMM, M128)","SSE4","[1;≤8]","0.33 / 0.33","2 / 2","1*p015+1*p23A","[1;≤9]","0.50 / 0.50","1","1*FP01"
"BLENDVPD (XMM, XMM)","SSE4","1","0.33 / 0.33","1 / 1","1*p015","1","0.50 / 0.50","1","1*FP01"
"BLENDVPS (XMM, M128)","SSE4","[1;≤8]","0.33 / 0.33","2 / 2","1*p015+1*p23A","[1;≤9]","0.50 / 0.50","1","1*FP01"
"BLENDVPS (XMM, XMM)","SSE4","1","0.33 / 0.33","1 / 1","1*p015","1","0.50 / 0.50","1","1*FP01"
"CRC32 (R32, M16)","SSE4","[3;8]","1.00 / 1.00","1 / 2","1*p1+1*p23A","[3;≤11]","1.00","1",""
"CRC32 (R32, M32)","SSE4","[≤3;8]","1.00 / 1.00","1 / 2","1*p1+1*p23A","[3;≤11]","1.00","1",""
"CRC32 (R32, M8)","SSE4","[≤3;8]","1.00 / 1.00","1 / 2","1*p1+1*p23A","[3;≤11]","1.00","1",""
"CRC32 (R32, R16)","SSE4","3","1.00 / 1.00","1 / 1","1*p1","3","1.00","1",""
"CRC32 (R32, R32)","SSE4","3","1.00 / 1.00","1 / 1","1*p1","3","1.00","1",""
"CRC32 (R32, R8h)","SSE4","3","1.00 / 1.00","1 / 1","1*p1","3","1.00","1",""
"CRC32 (R32, R8l)","SSE4","3","1.00 / 1.00","1 / 1","1*p1","3","1.00","1",""
"CRC32 (R64, M64)","SSE4","[≤3;8]","1.00 / 1.00","1 / 2","1*p1+1*p23A","[3;≤11]","1.00","1",""
"CRC32 (R64, M8)","SSE4","[≤3;8]","1.00 / 1.00","1 / 2","1*p1+1*p23A","[3;≤11]","1.00","1",""
"CRC32 (R64, R64)","SSE4","3","1.00 / 1.00","1 / 1","1*p1","3","1.00","1",""
"CRC32 (R64, R8l)","SSE4","3","1.00 / 1.00","1 / 1","1*p1","3","1.00","1",""
"DPPD (XMM, M128, I8)","SSE4","[9;≤16]","1.00 / 1.05","4 / 4","2*p01+1*p15+1*p23A","[8;≤15]","1.00 / 4.00","5","1*FP01+1*FP0123+1*FP123+1*FP23"
"DPPD (XMM, XMM, I8)","SSE4","9","1.00 / 1.07","3 / 3","2*p01+1*p15","7","0.75 / 3.00","3","1*FP01+1*FP123+1*FP23"
"DPPS (XMM, M128, I8)","SSE4","[14;≤21]","1.67 / 4.00","7 / 7","2*p01+1*p06+2*p15+1*p23A+1*p5","[12;≤19]","1.50 / 5.00","10","1*FP01+1*FP0123+2*FP123+2*FP23"
"DPPS (XMM, XMM, I8)","SSE4","14","1.67 / 4.00","6 / 6","2*p01+1*p0156B+2*p15+1*p5","11","1.50 / 4.00","8","1*FP01+1*FP123+3*FP23"
"EXTRACTPS (M32, XMM, I8)","SSE4","[≤5;≤12]","1.00 / 1.00","2 / 3","1*p49+1*p5+1*p78","[≤9;≤11]","0.50 / 1.00","2","1*FP123+1*FP45"
"EXTRACTPS (R32, XMM, I8)","SSE4","≤4","1.00 / 1.00","2 / 2","1*p0+1*p5","≤7","0.50 / 1.00","2","1*FP123+1*FP45"
"INSERTPS (XMM, M32, I8)","SSE4","[1;≤8]","1.00 / 1.00","2 / 2","1*p23A+1*p5","[1;≤9]","0.33 / 0.50","1","1*FP123"
"INSERTPS (XMM, XMM, I8)","SSE4","1","1.00 / 1.00","1 / 1","1*p5","1","0.33 / 0.33","1","1*FP123"
"MOVNTDQA (XMM, M128)","SSE4","[≤4;≤7]","0.33 / 0.33","1 / 1","1*p23A","≤8","0.50","1",""
"MPSADBW (XMM, M128, I8)","SSE4","[3;≤11]","1.00 / 1.00","3 / 3","1*p15+1*p23A+1*p5","[5;≤13]","1.00 / 3.00","6","1*FP0123+1*FP1+1*FP12"
"MPSADBW (XMM, XMM, I8)","SSE4","[3;4]","1.00 / 1.00","2 / 2","1*p15+1*p5","5","1.00 / 2.00","4","1*FP01+2*FP12"
"PACKUSDW (XMM, M128)","SSE4","[3;≤10]","1.00 / 1.00","1 / 2","1*p23A+1*p5","[2;≤10]","0.50 / 0.50","1","1*FP12"
"PACKUSDW (XMM, XMM)","SSE4","3","1.00 / 1.00","1 / 1","1*p5","2","0.50 / 0.50","1","1*FP12"
"PBLENDVB (XMM, M128)","SSE4","[1;≤8]","0.33 / 0.33","2 / 2","1*p015+1*p23A","[1;≤9]","0.50 / 0.50","1","1*FP12"
"PBLENDVB (XMM, XMM)","SSE4","1","0.33 / 0.33","1 / 1","1*p015","1","0.50 / 0.50","1","1*FP12"
"PBLENDW (XMM, M128, I8)","SSE4","[1;≤8]","0.50 / 0.50","2 / 2","1*p15+1*p23A","[1;≤9]","0.25 / 0.50","1","1*FP0123"
"PBLENDW (XMM, XMM, I8)","SSE4","1","0.50 / 0.50","1 / 1","1*p15","1","0.25 / 0.25","1","1*FP0123"
"PCMPEQQ (XMM, M128)","SSE4","[1;≤8]","0.50 / 0.50","1 / 2","1*p01+1*p23A","[2;≤10]","0.50 / 0.50","1","1*FP01"
"PCMPEQQ (XMM, XMM)","SSE4","[0;1]","0.50 / 0.50","1 / 1","1*p01","[0;2]","0.50 / 0.50","1","1*FP01"
"PCMPESTRI (XMM, M128, I8)","SSE4","[≤12;≤31]","3.00 / 3.96","8 / 8","3*p0+1*p015+1*p06+1*p1+1*p23A+1*p5","[≤11;≤29]","2.00 / 4.00","12","1*FP01+2*FP1+2*FP45"
"PCMPESTRI (XMM, XMM, I8)","SSE4","[≤12;16]","3.00 / 4.00","8 / 8","3*p0+2*p015+1*p06+1*p1+1*p5","[≤11;15]","2.00 / 3.00","8","1*FP01+2*FP1+2*FP45"
"PCMPESTRI64 (XMM, M128, I8)","SSE4","[≤12;≤31]","3.00 / 4.00","8 / 8","3*p0+1*p015+1*p06+1*p1+1*p23A+1*p5","[≤11;≤29]","2.00 / 4.00","12","1*FP01+2*FP1+2*FP45"
"PCMPESTRI64 (XMM, XMM, I8)","SSE4","[≤12;16]","3.00 / 4.00","8 / 8","3*p0+2*p015+1*p06+1*p1+1*p5","[≤11;15]","2.00 / 3.00","8","1*FP01+2*FP1+2*FP45"
"PCMPESTRM (XMM, M128, I8)","SSE4","[11;≤17]","3.00 / 5.00","9 / 9","3*p0+2*p015+1*p06+1*p1+1*p23A+1*p5","[8;≤16]","1.50 / 4.00","12","2*FP01+1*FP0123+1*FP1+1*FP45"
"PCMPESTRM (XMM, XMM, I8)","SSE4","[11;16]","3.00 / 5.00","9 / 9","3*p0+3*p015+1*p06+1*p1+1*p5","[7;≤16]","1.50 / 3.00","7","2*FP01+1*FP0123+1*FP1+1*FP45"
"PCMPESTRM64 (XMM, M128, I8)","SSE4","[11;≤17]","3.00 / 5.00","9 / 9","3*p0+2*p015+1*p06+1*p1+1*p23A+1*p5","[8;≤16]","1.50 / 4.00","12","3*FP01+1*FP12+1*FP45"
"PCMPESTRM64 (XMM, XMM, I8)","SSE4","[11;16]","3.00 / 5.00","9 / 9","3*p0+3*p015+1*p06+1*p1+1*p5","[7;≤16]","1.50 / 3.00","7","2*FP01+1*FP0123+1*FP1+1*FP45"
"PCMPGTQ (XMM, M128)","SSE4","[3;≤10]","1.00 / 1.00","1 / 2","1*p23A+1*p5","[2;≤10]","0.50 / 0.50","1","1*FP01"
"PCMPGTQ (XMM, XMM)","SSE4","[0;3]","1.00 / 1.00","1 / 1","1*p5","[0;2]","0.50 / 0.50","1","1*FP01"
"PCMPISTRI (XMM, M128, I8)","SSE4","[≤11;≤31]","3.00 / 3.00","4 / 4","3*p0+1*p23A","[≤11;≤29]","1.00 / 3.00","4","1*FP1+2*FP45"
"PCMPISTRI (XMM, XMM, I8)","SSE4","≤11","3.00 / 3.00","3 / 3","3*p0","≤11","1.00 / 2.00","4","1*FP01+2*FP45"
"PCMPISTRM (XMM, M128, I8)","SSE4","[8;16]","3.00 / 3.00","4 / 4","3*p0+1*p23A","[7;≤15]","2.00 / 3.00","4","2*FP1+1*FP45"
"PCMPISTRM (XMM, XMM, I8)","SSE4","[8;≤11]","3.00 / 3.00","3 / 3","3*p0","[7;≤11]","0.67 / 2.00","3","1*FP01+1*FP12+1*FP45"
"PEXTRB (M8, XMM, I8)","SSE4","[≤13;≤19]","0.50 / 0.50","2 / 3","1*p15+1*p49+1*p78","[≤11;≤22]","0.50 / 1.00","2","1*FP12+1*FP45"
"PEXTRB (R32, XMM, I8)","SSE4","≤4","1.00 / 1.00","2 / 2","1*p0+1*p15","≤8","0.50 / 1.00","2","1*FP12+1*FP45"
"PEXTRD (M32, XMM, I8)","SSE4","[≤5;≤12]","0.50 / 0.50","2 / 3","1*p15+1*p49+1*p78","[≤9;≤11]","0.50 / 1.00","2","1*FP123+1*FP45"
"PEXTRD (R32, XMM, I8)","SSE4","≤4","1.00 / 1.00","2 / 2","1*p0+1*p15","≤7","0.50 / 1.00","2","1*FP123+1*FP45"
"PEXTRQ (M64, XMM, I8)","SSE4","[≤5;≤12]","0.50 / 0.50","2 / 3","1*p15+1*p49+1*p78","[≤9;≤11]","0.50 / 1.00","2","1*FP123+1*FP45"
"PEXTRQ (R64, XMM, I8)","SSE4","≤4","1.00 / 1.00","2 / 2","1*p0+1*p15","≤7","0.50 / 1.00","2","1*FP123+1*FP45"
"PEXTRW_SSE4 (M16, XMM, I8)","SSE4","[≤12;≤19]","0.50 / 0.50","2 / 3","1*p15+1*p49+1*p78","[≤11;≤21]","0.50 / 1.00","2","1*FP123+1*FP45"
"PHMINPOSUW (XMM, M128)","SSE4","[≤8;≤11]","1.00 / 1.00","1 / 2","1*p0+1*p23A","≤11","0.50 / 0.50","1","1*FP12"
"PHMINPOSUW (XMM, XMM)","SSE4","4","1.00 / 1.00","1 / 1","1*p0","3","0.50 / 0.50","1","1*FP12"
"PINSRB (XMM, M8, I8)","SSE4","[1;≤8]","0.50 / 0.50","2 / 2","1*p15+1*p23A","[2;≤10]","0.50 / 0.50","1","1*FP12"
"PINSRB (XMM, R32, I8)","SSE4","[1;≤4]","1.00 / 1.05","2 / 2","1*p15+1*p5","[2;≤7]","0.50 / 1.00","2","1*FP12"
"PINSRD (XMM, M32, I8)","SSE4","[1;≤8]","0.50 / 0.50","2 / 2","1*p15+1*p23A","[1;≤9]","0.33 / 0.50","1","1*FP123"
"PINSRD (XMM, R32, I8)","SSE4","[1;≤4]","1.00 / 1.05","2 / 2","1*p15+1*p5","[1;≤6]","1.00 / 1.00","2","1*FP1"
"PINSRQ (XMM, M64, I8)","SSE4","[1;≤8]","0.50 / 0.50","2 / 2","1*p15+1*p23A","[1;≤9]","0.33 / 0.50","1","1*FP123"
"PINSRQ (XMM, R64, I8)","SSE4","[1;≤4]","1.00 / 1.05","2 / 2","1*p15+1*p5","[1;≤6]","1.00 / 1.00","2","1*FP1"
"PMAXSB (XMM, M128)","SSE4","[1;≤8]","0.50 / 0.50","1 / 2","1*p01+1*p23A","[1;≤9]","0.25 / 0.50","1","1*FP0123"
"PMAXSB (XMM, XMM)","SSE4","1","0.50 / 0.50","1 / 1","1*p01","1","0.25 / 0.25","1","1*FP0123"
"PMAXSD (XMM, M128)","SSE4","[1;≤8]","0.50 / 0.50","1 / 2","1*p01+1*p23A","[1;≤9]","0.25 / 0.50","1","1*FP0123"
"PMAXSD (XMM, XMM)","SSE4","1","0.50 / 0.50","1 / 1","1*p01","1","0.25 / 0.25","1","1*FP0123"
"PMAXUD (XMM, M128)","SSE4","[1;≤8]","0.50 / 0.50","1 / 2","1*p01+1*p23A","[1;≤9]","0.25 / 0.50","1","1*FP0123"
"PMAXUD (XMM, XMM)","SSE4","1","0.50 / 0.50","1 / 1","1*p01","1","0.25 / 0.25","1","1*FP0123"
"PMAXUW (XMM, M128)","SSE4","[1;≤8]","0.50 / 0.50","1 / 2","1*p01+1*p23A","[1;≤9]","0.25 / 0.50","1","1*FP0123"
"PMAXUW (XMM, XMM)","SSE4","1","0.50 / 0.50","1 / 1","1*p01","1","0.25 / 0.25","1","1*FP0123"
"PMINSB (XMM, M128)","SSE4","[1;≤8]","0.50 / 0.50","1 / 2","1*p01+1*p23A","[1;≤9]","0.25 / 0.50","1","1*FP0123"
"PMINSB (XMM, XMM)","SSE4","1","0.50 / 0.50","1 / 1","1*p01","1","0.25 / 0.25","1","1*FP0123"
"PMINSD (XMM, M128)","SSE4","[1;≤8]","0.50 / 0.50","1 / 2","1*p01+1*p23A","[1;≤9]","0.25 / 0.50","1","1*FP0123"
"PMINSD (XMM, XMM)","SSE4","1","0.50 / 0.50","1 / 1","1*p01","1","0.25 / 0.25","1","1*FP0123"
"PMINUD (XMM, M128)","SSE4","[1;≤8]","0.50 / 0.50","1 / 2","1*p01+1*p23A","[1;≤9]","0.25 / 0.50","1","1*FP0123"
"PMINUD (XMM, XMM)","SSE4","1","0.50 / 0.50","1 / 1","1*p01","1","0.25 / 0.25","1","1*FP0123"
"PMINUW (XMM, M128)","SSE4","[1;≤8]","0.50 / 0.50","1 / 2","1*p01+1*p23A","[1;≤9]","0.25 / 0.50","1","1*FP0123"
"PMINUW (XMM, XMM)","SSE4","1","0.50 / 0.50","1 / 1","1*p01","1","0.25 / 0.25","1","1*FP0123"
"PMOVSXBD (XMM, M32)","SSE4","[≤5;≤8]","0.50 / 0.50","1 / 2","1*p15+1*p23A","≤10","0.50 / 0.50","1","1*FP12"
"PMOVSXBD (XMM, XMM)","SSE4","1","0.50 / 0.50","1 / 1","1*p15","2","0.50 / 0.50","1","1*FP12"
"PMOVSXBQ (XMM, M16)","SSE4","[≤5;≤8]","0.50 / 0.50","1 / 2","1*p15+1*p23A","≤10","0.50 / 0.50","1","1*FP12"
"PMOVSXBQ (XMM, XMM)","SSE4","1","0.50 / 0.50","1 / 1","1*p15","2","0.50 / 0.50","1","1*FP12"
"PMOVSXBW (XMM, M64)","SSE4","[≤5;≤8]","0.50 / 0.50","1 / 2","1*p15+1*p23A","≤10","0.50 / 0.50","1","1*FP12"
"PMOVSXBW (XMM, XMM)","SSE4","1","0.50 / 0.50","1 / 1","1*p15","2","0.50 / 0.50","1","1*FP12"
"PMOVSXDQ (XMM, M64)","SSE4","[≤5;≤8]","0.50 / 0.50","1 / 2","1*p15+1*p23A","≤10","0.50 / 0.50","1","1*FP12"
"PMOVSXDQ (XMM, XMM)","SSE4","1","0.50 / 0.50","1 / 1","1*p15","2","0.50 / 0.50","1","1*FP12"
"PMOVSXWD (XMM, M64)","SSE4","[≤5;≤8]","0.50 / 0.50","1 / 2","1*p15+1*p23A","≤10","0.50 / 0.50","1","1*FP12"
"PMOVSXWD (XMM, XMM)","SSE4","1","0.50 / 0.50","1 / 1","1*p15","2","0.50 / 0.50","1","1*FP12"
"PMOVSXWQ (XMM, M32)","SSE4","[≤5;≤8]","0.50 / 0.50","1 / 2","1*p15+1*p23A","≤10","0.50 / 0.50","1","1*FP12"
"PMOVSXWQ (XMM, XMM)","SSE4","1","0.50 / 0.50","1 / 1","1*p15","2","0.50 / 0.50","1","1*FP12"
"PMOVZXBD (XMM, M32)","SSE4","[≤5;≤8]","0.50 / 0.50","1 / 2","1*p15+1*p23A","≤10","0.50 / 0.50","1","1*FP12"
"PMOVZXBD (XMM, XMM)","SSE4","1","0.50 / 0.50","1 / 1","1*p15","2","0.50 / 0.50","1","1*FP12"
"PMOVZXBQ (XMM, M16)","SSE4","[≤5;≤8]","0.50 / 0.50","1 / 2","1*p15+1*p23A","≤10","0.50 / 0.50","1","1*FP12"
"PMOVZXBQ (XMM, XMM)","SSE4","1","0.50 / 0.50","1 / 1","1*p15","2","0.50 / 0.50","1","1*FP12"
"PMOVZXBW (XMM, M64)","SSE4","[≤5;≤8]","0.50 / 0.50","1 / 2","1*p15+1*p23A","≤10","0.50 / 0.50","1","1*FP12"
"PMOVZXBW (XMM, XMM)","SSE4","1","0.50 / 0.50","1 / 1","1*p15","2","0.50 / 0.50","1","1*FP12"
"PMOVZXDQ (XMM, M64)","SSE4","[≤5;≤8]","0.50 / 0.50","1 / 2","1*p15+1*p23A","≤10","0.50 / 0.50","1","1*FP12"
"PMOVZXDQ (XMM, XMM)","SSE4","1","0.50 / 0.50","1 / 1","1*p15","2","0.50 / 0.50","1","1*FP12"
"PMOVZXWD (XMM, M64)","SSE4","[≤5;≤8]","0.50 / 0.50","1 / 2","1*p15+1*p23A","≤10","0.50 / 0.50","1","1*FP12"
"PMOVZXWD (XMM, XMM)","SSE4","1","0.50 / 0.50","1 / 1","1*p15","2","0.50 / 0.50","1","1*FP12"
"PMOVZXWQ (XMM, M32)","SSE4","[≤5;≤8]","0.50 / 0.50","1 / 2","1*p15+1*p23A","≤10","0.50 / 0.50","1","1*FP12"
"PMOVZXWQ (XMM, XMM)","SSE4","1","0.50 / 0.50","1 / 1","1*p15","2","0.50 / 0.50","1","1*FP12"
"PMULDQ (XMM, M128)","SSE4","[5;≤13]","0.50 / 0.50","1 / 2","1*p01+1*p23A","[3;≤11]","0.50 / 0.50","1","1*FP01"
"PMULDQ (XMM, XMM)","SSE4","5","0.50 / 0.50","1 / 1","1*p01","3","0.50 / 0.50","1","1*FP01"
"PMULLD (XMM, M128)","SSE4","[10;≤18]","1.00 / 1.05","3 / 3","2*p01+1*p23A","[3;≤11]","0.50 / 0.50","1","1*FP01"
"PMULLD (XMM, XMM)","SSE4","10","1.00 / 1.08","2 / 2","2*p01","3","0.50 / 0.50","1","1*FP01"
"POPCNT (R16, M16)","SSE4","[3;8]","1.00 / 1.00","1 / 2","1*p1+1*p23A","[1;≤6]","0.33","1",""
"POPCNT (R16, R16)","SSE4","3","1.00 / 1.00","1 / 1","1*p1","1","0.25","1",""
"POPCNT (R32, M32)","SSE4","[0;8]","1.00 / 1.00","1 / 2","1*p1+1*p23A","[0;≤7]","0.33","1",""
"POPCNT (R32, R32)","SSE4","[0;3]","1.00 / 1.00","1 / 1","1*p1","[0;1]","0.25","1",""
"POPCNT (R64, M64)","SSE4","[0;8]","1.00 / 1.00","1 / 2","1*p1+1*p23A","[0;≤7]","0.33","1",""
"POPCNT (R64, R64)","SSE4","[0;3]","1.00 / 1.00","1 / 1","1*p1","[0;1]","0.25","1",""
"PTEST (XMM, M128)","SSE4","[≤4;9]","1.00 / 1.00","2 / 3","1*p0+1*p23A+1*p5","[≤8;11]","0.50 / 1.00","2","1*FP12+1*FP45"
"PTEST (XMM, XMM)","SSE4","≤4","1.00 / 1.00","2 / 2","1*p0+1*p5","≤8","0.50 / 1.00","2","1*FP12+1*FP45"
"ROUNDPD (XMM, M128, I8)","SSE4","[≤12;≤15]","1.00 / 1.00","3 / 3","2*p01+1*p23A","≤11","0.50 / 0.50","1","1*FP23"
"ROUNDPD (XMM, XMM, I8)","SSE4","8","1.00 / 1.00","2 / 2","2*p01","3","0.50 / 0.50","1","1*FP23"
"ROUNDPS (XMM, M128, I8)","SSE4","[≤12;≤15]","1.00 / 1.00","3 / 3","2*p01+1*p23A","≤11","0.50 / 0.50","1","1*FP23"
"ROUNDPS (XMM, XMM, I8)","SSE4","8","1.00 / 1.00","2 / 2","2*p01","3","0.50 / 0.50","1","1*FP23"
"ROUNDSD (XMM, M64, I8)","SSE4","[8;≤15]","1.00 / 1.00","3 / 3","2*p01+1*p23A","[0;≤11]","0.50 / 0.50","1","1*FP23"
"ROUNDSD (XMM, XMM, I8)","SSE4","8","1.00 / 1.03","2 / 2","2*p01","[0;3]","0.50 / 0.50","1","1*FP23"
"ROUNDSS (XMM, M32, I8)","SSE4","[8;≤15]","1.00 / 1.00","3 / 3","2*p01+1*p23A","[0;≤11]","0.50 / 0.50","1","1*FP23"
"ROUNDSS (XMM, XMM, I8)","SSE4","8","1.00 / 1.03","2 / 2","2*p01","[0;3]","0.50 / 0.50","1","1*FP23"
"PABSB (MM, M64)","SSSE3","[≤6;≤9]","1.00 / 1.00","1 / 2","1*p0+1*p23A","≤10","0.50 / 0.50","1","1*FP01"
"PABSB (MM, MM)","SSSE3","1","1.00 / 1.00","1 / 1","1*p0","2","0.50 / 0.50","1","1*FP01"
"PABSB (XMM, M128)","SSSE3","[≤5;≤8]","0.50 / 0.50","1 / 2","1*p01+1*p23A","≤10","0.50 / 0.50","1","1*FP01"
"PABSB (XMM, XMM)","SSSE3","1","0.50 / 0.50","1 / 1","1*p01","2","0.50 / 0.50","1","1*FP01"
"PABSD (MM, M64)","SSSE3","[≤6;≤9]","1.00 / 1.00","1 / 2","1*p0+1*p23A","≤10","0.50 / 0.50","1","1*FP01"
"PABSD (MM, MM)","SSSE3","1","1.00 / 1.00","1 / 1","1*p0","2","0.50 / 0.50","1","1*FP01"
"PABSD (XMM, M128)","SSSE3","[≤5;≤8]","0.50 / 0.50","1 / 2","1*p01+1*p23A","≤10","0.50 / 0.50","1","1*FP01"
"PABSD (XMM, XMM)","SSSE3","1","0.50 / 0.50","1 / 1","1*p01","2","0.50 / 0.50","1","1*FP01"
"PABSW (MM, M64)","SSSE3","[≤6;≤9]","1.00 / 1.00","1 / 2","1*p0+1*p23A","≤10","0.50 / 0.50","1","1*FP01"
"PABSW (MM, MM)","SSSE3","1","1.00 / 1.00","1 / 1","1*p0","2","0.50 / 0.50","1","1*FP01"
"PABSW (XMM, M128)","SSSE3","[≤5;≤8]","0.50 / 0.50","1 / 2","1*p01+1*p23A","≤10","0.50 / 0.50","1","1*FP01"
"PABSW (XMM, XMM)","SSSE3","1","0.50 / 0.50","1 / 1","1*p01","2","0.50 / 0.50","1","1*FP01"
"PALIGNR (MM, M64, I8)","SSSE3","[1;≤9]","1.00 / 1.00","2 / 2","1*p23A+1*p5","[2;≤10]","0.50 / 0.50","1","1*FP12"
"PALIGNR (MM, MM, I8)","SSSE3","1","1.00 / 1.00","1 / 1","1*p5","2","0.50 / 0.50","1","1*FP12"
"PALIGNR (XMM, M128, I8)","SSSE3","[1;≤8]","1.00 / 1.00","2 / 2","1*p23A+1*p5","[2;≤10]","0.50 / 0.50","1","1*FP12"
"PALIGNR (XMM, XMM, I8)","SSSE3","1","1.00 / 1.00","1 / 1","1*p5","2","0.50 / 0.50","1","1*FP12"
"PHADDD (MM, M64)","SSSE3","[3;≤11]","2.00 / 2.00","4 / 4","1*p05+1*p23A+2*p5","[2;≤10]","0.75 / 2.00","4","1*FP0123+1*FP123+1*FP23"
"PHADDD (MM, MM)","SSSE3","3","2.00 / 2.00","3 / 3","1*p05+2*p5","2","0.75 / 2.00","3","1*FP0123+1*FP123+1*FP23"
"PHADDD (XMM, M128)","SSSE3","[2;≤9]","1.00 / 1.07","4 / 4","1*p015+2*p15+1*p23A","[2;≤10]","0.75 / 2.00","4","1*FP0123+1*FP123+1*FP23"
"PHADDD (XMM, XMM)","SSSE3","2","1.00 / 1.04","3 / 3","1*p015+2*p15","2","0.75 / 2.00","4","1*FP0123+1*FP123+1*FP23"
"PHADDSW (MM, M64)","SSSE3","[3;≤11]","2.00 / 2.00","4 / 4","1*p0+1*p23A+2*p5","[3;≤11]","0.75 / 2.00","4","1*FP01+1*FP123+1*FP23"
"PHADDSW (MM, MM)","SSSE3","3","2.00 / 2.00","3 / 3","1*p0+2*p5","3","0.75 / 2.00","3","1*FP01+1*FP123+1*FP23"
"PHADDSW (XMM, M128)","SSSE3","[2;≤9]","1.00 / 1.06","4 / 4","1*p01+2*p15+1*p23A","[3;≤11]","0.75 / 2.00","4","1*FP01+1*FP123+1*FP23"
"PHADDSW (XMM, XMM)","SSSE3","2","1.00 / 1.05","3 / 3","1*p01+2*p15","3","0.75 / 2.00","4","1*FP01+1*FP123+1*FP23"
"PHADDW (MM, M64)","SSSE3","[3;≤11]","2.00 / 2.00","4 / 4","1*p05+1*p23A+2*p5","[2;≤10]","0.75 / 2.00","4","1*FP0123+1*FP123+1*FP23"
"PHADDW (MM, MM)","SSSE3","3","2.00 / 2.00","3 / 3","1*p05+2*p5","2","0.75 / 2.00","3","1*FP0123+1*FP123+1*FP23"
"PHADDW (XMM, M128)","SSSE3","[2;≤9]","1.00 / 1.07","4 / 4","1*p015+2*p15+1*p23A","[2;≤10]","0.75 / 2.00","4","1*FP0123+1*FP123+1*FP23"
"PHADDW (XMM, XMM)","SSSE3","2","1.00 / 1.05","3 / 3","1*p015+2*p15","2","0.75 / 2.00","4","1*FP0123+1*FP123+1*FP23"
"PHSUBD (MM, M64)","SSSE3","[3;≤11]","2.00 / 2.00","4 / 4","1*p05+1*p23A+2*p5","[2;≤10]","0.75 / 2.00","4","1*FP0123+1*FP123+1*FP23"
"PHSUBD (MM, MM)","SSSE3","3","2.00 / 2.00","3 / 3","1*p05+2*p5","2","0.75 / 2.00","3","1*FP0123+1*FP123+1*FP23"
"PHSUBD (XMM, M128)","SSSE3","[2;≤9]","1.00 / 1.07","4 / 4","1*p015+2*p15+1*p23A","[2;≤10]","0.75 / 2.00","4","1*FP0123+1*FP123+1*FP23"
"PHSUBD (XMM, XMM)","SSSE3","2","1.00 / 1.05","3 / 3","1*p015+2*p15","2","0.75 / 2.00","4","1*FP0123+1*FP123+1*FP23"
"PHSUBSW (MM, M64)","SSSE3","[3;≤11]","2.00 / 2.00","4 / 4","1*p0+1*p23A+2*p5","[3;≤11]","0.75 / 2.00","4","1*FP01+1*FP123+1*FP23"
"PHSUBSW (MM, MM)","SSSE3","3","2.00 / 2.00","3 / 3","1*p0+2*p5","3","0.75 / 2.00","3","1*FP01+1*FP123+1*FP23"
"PHSUBSW (XMM, M128)","SSSE3","[2;≤9]","1.00 / 1.06","4 / 4","1*p01+2*p15+1*p23A","[3;≤11]","0.75 / 2.00","4","1*FP01+1*FP123+1*FP23"
"PHSUBSW (XMM, XMM)","SSSE3","2","1.00 / 1.05","3 / 3","1*p01+2*p15","3","0.75 / 2.00","4","1*FP01+1*FP123+1*FP23"
"PHSUBW (MM, M64)","SSSE3","[3;≤11]","2.00 / 2.00","4 / 4","1*p05+1*p23A+2*p5","[2;≤10]","0.75 / 2.00","4","1*FP0123+1*FP123+1*FP23"
"PHSUBW (MM, MM)","SSSE3","3","2.00 / 2.00","3 / 3","1*p05+2*p5","2","0.75 / 2.00","3","1*FP0123+1*FP123+1*FP23"
"PHSUBW (XMM, M128)","SSSE3","[2;≤9]","1.00 / 1.07","4 / 4","1*p015+2*p15+1*p23A","[2;≤10]","0.75 / 2.00","4","1*FP0123+1*FP123+1*FP23"
"PHSUBW (XMM, XMM)","SSSE3","2","1.00 / 1.04","3 / 3","1*p015+2*p15","2","0.75 / 2.00","4","1*FP0123+1*FP123+1*FP23"
"PMADDUBSW (MM, M64)","SSSE3","[5;≤13]","1.00 / 1.00","1 / 2","1*p0+1*p23A","[3;≤11]","0.50 / 0.50","1","1*FP01"
"PMADDUBSW (MM, MM)","SSSE3","5","1.00 / 1.00","1 / 1","1*p0","3","0.50 / 0.50","1","1*FP01"
"PMADDUBSW (XMM, M128)","SSSE3","[5;≤13]","0.50 / 0.50","1 / 2","1*p01+1*p23A","[3;≤11]","0.50 / 0.50","1","1*FP01"
"PMADDUBSW (XMM, XMM)","SSSE3","5","0.50 / 0.50","1 / 1","1*p01","3","0.50 / 0.50","1","1*FP01"
"PMULHRSW (MM, M64)","SSSE3","[5;≤13]","1.00 / 1.00","1 / 2","1*p0+1*p23A","[3;≤11]","0.50 / 0.50","1","1*FP01"
"PMULHRSW (MM, MM)","SSSE3","5","1.00 / 1.00","1 / 1","1*p0","3","0.50 / 0.50","1","1*FP01"
"PMULHRSW (XMM, M128)","SSSE3","[5;≤13]","0.50 / 0.50","1 / 2","1*p01+1*p23A","[3;≤11]","0.50 / 0.50","1","1*FP01"
"PMULHRSW (XMM, XMM)","SSSE3","5","0.50 / 0.50","1 / 1","1*p01","3","0.50 / 0.50","1","1*FP01"
"PSHUFB (MM, M64)","SSSE3","[1;≤11]","1.00 / 1.00","3 / 3","1*p0+1*p23A+1*p5","[2;≤10]","0.50 / 0.50","1","1*FP12"
"PSHUFB (MM, MM)","SSSE3","[1;3]","1.00 / 1.00","3 / 2","1*p0+1*p5","2","0.50 / 0.50","1","1*FP12"
"PSHUFB (XMM, M128)","SSSE3","[1;≤8]","0.50 / 0.50","2 / 2","1*p15+1*p23A","[2;≤10]","0.50 / 0.50","1","1*FP12"
"PSHUFB (XMM, XMM)","SSSE3","1","0.50 / 0.50","1 / 1","1*p15","2","0.50 / 0.50","1","1*FP12"
"PSIGNB (MM, M64)","SSSE3","[1;≤9]","1.00 / 1.00","1 / 2","1*p0+1*p23A","[2;≤10]","0.50 / 0.50","1","1*FP01"
"PSIGNB (MM, MM)","SSSE3","1","1.00 / 1.00","1 / 1","1*p0","2","0.50 / 0.50","1","1*FP01"
"PSIGNB (XMM, M128)","SSSE3","[1;≤8]","0.50 / 0.50","1 / 2","1*p01+1*p23A","[2;≤10]","0.50 / 0.50","1","1*FP01"
"PSIGNB (XMM, XMM)","SSSE3","1","0.50 / 0.50","1 / 1","1*p01","2","0.50 / 0.50","1","1*FP01"
"PSIGND (MM, M64)","SSSE3","[1;≤9]","1.00 / 1.00","1 / 2","1*p0+1*p23A","[2;≤10]","0.50 / 0.50","1","1*FP01"
"PSIGND (MM, MM)","SSSE3","1","1.00 / 1.00","1 / 1","1*p0","2","0.50 / 0.50","1","1*FP01"
"PSIGND (XMM, M128)","SSSE3","[1;≤8]","0.50 / 0.50","1 / 2","1*p01+1*p23A","[2;≤10]","0.50 / 0.50","1","1*FP01"
"PSIGND (XMM, XMM)","SSSE3","1","0.50 / 0.50","1 / 1","1*p01","2","0.50 / 0.50","1","1*FP01"
"PSIGNW (MM, M64)","SSSE3","[1;≤9]","1.00 / 1.00","1 / 2","1*p0+1*p23A","[2;≤10]","0.50 / 0.50","1","1*FP01"
"PSIGNW (MM, MM)","SSSE3","1","1.00 / 1.00","1 / 1","1*p0","2","0.50 / 0.50","1","1*FP01"
"PSIGNW (XMM, M128)","SSSE3","[1;≤8]","0.50 / 0.50","1 / 2","1*p01+1*p23A","[2;≤10]","0.50 / 0.50","1","1*FP01"
"PSIGNW (XMM, XMM)","SSSE3","1","0.50 / 0.50","1 / 1","1*p01","2","0.50 / 0.50","1","1*FP01"